Date,Ark
2014-11-03,0.0
2014-11-04,-0.005888131312712264
2014-11-05,-0.012833216074991882
2014-11-06,0.006999936698540488
2014-11-07,-0.0009928748296628154
2014-11-10,0.00894612011596485
2014-11-11,-0.0004925766789150021
2014-11-12,0.003450048516307369
2014-11-13,-0.0009823538602001802
2014-11-14,0.00491649522908566
2014-11-17,-0.0014677117883087343
2014-11-18,0.009309240210002567
2014-11-19,-0.015048728071444417
2014-11-20,-0.0004927152621416742
2014-11-21,0.003944707395987734
2014-11-24,0.006384936756363757
2014-11-25,0.0014642336560011238
2014-11-26,0.0019491824125323909
2014-11-28,0.0014591456688743953
2014-12-01,-0.015541372008716303
2014-12-02,-0.010853558500096394
2014-12-03,0.001995084918661183
2014-12-04,-0.0014931765524254237
2014-12-05,0.0024925598295488793
2014-12-08,-0.018896228290047556
2014-12-09,0.0025342501926370886
2014-12-10,-0.0025278440034842697
2014-12-11,0.0020275501287585485
2014-12-12,-0.008194497274808477
2014-12-15,-0.016727698091275056
2014-12-16,-0.01711608920936436
2014-12-17,0.011081692137148158
2014-12-18,0.03757821371469383
2014-12-19,0.014084592394906892
2014-12-22,0.00843258258574675
2014-12-23,0.0003442220187317435
2014-12-24,0.001622618257152375
2014-12-26,0.011291264444812432
2014-12-29,-0.008398264081051154
2014-12-30,-0.006217275184579263
2014-12-31,-0.006896385855271747
2015-01-02,0.0004961021072911187
2015-01-05,-0.024095232875805173
2015-01-06,-0.0037594162575318446
2015-01-07,0.004589499442560374
2015-01-08,0.022334867335327635
2015-01-09,-0.00844074785166593
2015-01-12,0.009013316873515143
2015-01-13,-0.007940420570305529
2015-01-14,-0.0030016097611262893
2015-01-15,-0.022578841631231916
2015-01-16,0.00667359038468307
2015-01-20,0.014278406783431397
2015-01-21,0.018099564821122627
2015-01-22,0.01372850537332404
2015-01-23,0.004968662461146689
2015-01-26,0.00581677745242648
2015-01-27,-0.0149397397934119
2015-01-28,-0.004403238768602824
2015-01-29,0.001965673315813321
2015-01-30,-0.007356451041283685
2015-02-02,0.006274507346852198
2015-02-03,-0.006726443438433205
2015-02-04,0.011369195018783973
2015-02-05,0.018572878644851576
2015-02-06,-0.002303326065312361
2015-02-09,-0.005482863421533701
2015-02-10,0.008317932310319076
2015-02-11,0.008441209108854375
2015-02-12,0.0075147088536593465
2015-02-13,0.012556512136721265
2015-02-17,-0.005128144996713324
2015-02-18,0.001405812122925898
2015-02-19,0.007955217212718635
2015-02-20,0.006685223047971478
2015-02-23,-0.00940794474226303
2015-02-24,-0.0027001167187220565
2015-02-25,0.00037334295763602476
2015-02-26,0.009799258070405159
2015-02-27,-0.006007270138849163
2015-03-02,-0.0005114429589289093
2015-03-03,-0.007395680819372363
2015-03-04,-0.005670095690107235
2015-03-05,0.006267900710460461
2015-03-06,-0.018078004167750628
2015-03-09,-0.007917475746751279
2015-03-10,-0.010673027161525517
2015-03-11,0.0042280668454646175
2015-03-12,0.0007255587001433472
2015-03-13,-0.0030946241190173973
2015-03-16,0.008924957566596614
2015-03-17,0.0033655575057540688
2015-03-18,-0.0033542685221531476
2015-03-19,0.014423193681478486
2015-03-20,0.010900417345146352
2015-03-23,-0.001875261843034104
2015-03-24,0.0
2015-03-25,-0.022545817784753064
2015-03-26,-0.0009612127693825467
2015-03-27,-0.0014427997309186535
2015-03-30,0.011560500614981928
2015-03-31,-0.007857050909595653
2015-04-01,-0.01607866238481237
2015-04-02,0.007707317616337139
2015-04-06,0.015103060892600606
2015-04-07,-0.0004767378151659951
2015-04-08,0.012213636848577014
2015-04-09,0.004901978852931421
2015-04-10,0.007973675134400615
2015-04-13,0.001861496662199924
2015-04-14,-0.0065026909988777915
2015-04-15,0.009817681510214227
2015-04-16,0.011111024132873126
2015-04-17,-0.020146477076218527
2015-04-20,0.0046728690436179665
2015-04-21,0.004279048039608435
2015-04-22,0.00778082444945527
2015-04-23,0.010339985772247928
2015-04-24,9.07532965845892e-05
2015-04-27,0.011052152455547803
2015-04-28,-0.022492087893762003
2015-04-29,-0.008283584651835096
2015-04-30,-0.02761001065906943
2015-05-01,-0.007874224620505355
2015-05-04,0.010678263284721767
2015-05-05,-0.011517113118214795
2015-05-06,-0.006259101228557773
2015-05-07,0.010659096313108352
2015-05-08,-0.0009589086760058985
2015-05-11,0.007677415487831851
2015-05-12,-0.004761775838838744
2015-05-13,0.005263196749105026
2015-05-14,0.008091325586322418
2015-05-15,-0.002266151506134073
2015-05-18,0.005536571668327772
2015-05-19,0.0005177249425354358
2015-05-20,-0.0018817342734316345
2015-05-21,0.008954092868459052
2015-05-22,0.0021951127053549957
2015-05-26,-0.006850957228971
2015-05-27,0.00046932985904923896
2015-05-28,0.0121949684119258
2015-05-29,0.0007415129528238751
2015-06-01,-0.0035191607724458507
2015-06-02,0.001765794500963036
2015-06-03,0.0056593277631575845
2015-06-04,-0.003690170004022386
2015-06-05,0.0011573759230973923
2015-06-08,-0.0011560379526047715
2015-06-09,-0.0064814225899662015
2015-06-10,0.018173263976160925
2015-06-11,-0.0032037290167599153
2015-06-12,-0.005968752720204251
2015-06-15,-0.012933006330170471
2015-06-16,0.011698720849258049
2015-06-17,0.009713237671266972
2015-06-18,0.01007775482401052
2015-06-19,-0.00226751218466692
2015-06-22,0.0022726654813374214
2015-06-23,0.00816327391338234
2015-06-24,-0.013045384356700884
2015-06-25,-0.0018232200941473709
2015-06-26,-0.007305815148979322
2015-06-29,-0.026678925508674012
2015-06-30,0.008979081239839148
2015-07-01,-0.0018735052793745766
2015-07-02,-0.0029095079068492957
2015-07-06,-0.007059396251474448
2015-07-07,-0.005592979553417199
2015-07-08,-0.00953283122750237
2015-07-09,0.008180781738582166
2015-07-10,0.010501373468392083
2015-07-13,0.012753809494856494
2015-07-14,0.005830262871491687
2015-07-15,-0.006955722323879643
2015-07-16,0.020219420576502056
2015-07-17,0.0032956351191051336
2015-07-20,0.0013685179923041968
2015-07-21,-0.0036445864747229884
2015-07-22,-0.010059516308226102
2015-07-23,0.006928413681259293
2015-07-24,0.004587128389567319
2015-07-27,-0.011415505062968512
2015-07-28,0.014780648394867146
2015-07-29,-0.006827306416550161
2015-07-30,-0.0077912497199421615
2015-07-31,-0.006928413681259404
2015-08-03,-0.018139455599076593
2015-08-04,-0.002842257606378129
2015-08-05,0.0023753326866442492
2015-08-06,-0.014218122940520272
2015-08-07,-0.0011057636175724195
2015-08-10,0.024209582615186687
2015-08-11,-0.013251931712584542
2015-08-12,-0.009429539104992446
2015-08-13,0.009038565868688453
2015-08-14,-0.0013340230871491388
2015-08-17,0.007490269607353772
2015-08-18,-0.006487644160139361
2015-08-19,-0.010962765985847556
2015-08-20,-0.04144575603562084
2015-08-21,-0.018099564821122738
2015-08-24,-0.029185788100691723
2015-08-25,0.02215180701402364
2015-08-26,0.003353903753988252
2015-08-27,0.030804881007401308
2015-08-28,0.009778588544810951
2015-08-31,-0.006917037115936275
2015-09-01,-0.03631830212731457
2015-09-02,0.011099466042379547
2015-09-03,0.011488395538805207
2015-09-04,-0.019687046358373372
2015-09-08,0.03089601490601024
2015-09-09,0.0034964717507801613
2015-09-10,-0.003982119755221336
2015-09-11,0.004997682570947681
2015-09-14,-0.0019892370786560587
2015-09-15,0.012954812750427092
2015-09-16,0.011805120643007871
2015-09-17,0.008750616372645403
2015-09-18,-0.015421735884680321
2015-09-21,-0.006363266937744472
2015-09-22,-0.020689574033098346
2015-09-23,-0.0020120390636454433
2015-09-24,-0.011592682441464497
2015-09-25,-0.010708832032641058
2015-09-28,-0.020618757747491
2015-09-29,-0.01631565990765027
2015-09-30,0.005350422538970223
2015-10-01,-0.013837086956531519
2015-10-02,0.029681702792423437
2015-10-05,0.02306074323258489
2015-10-06,-0.014856607410881906
2015-10-07,0.014560670099891704
2015-10-08,-0.006150914170924948
2015-10-09,0.02243448773142065
2015-10-12,-0.00781845358033062
2015-10-13,-0.0035587938095898997
2015-10-14,-0.005102010006250102
2015-10-15,0.0012820164032634196
2015-10-16,0.01459668568213246
2015-10-19,0.0
2015-10-20,-0.01585050383227482
2015-10-21,0.008411895710402684
2015-10-22,-0.010732448113223825
2015-10-23,0.018561369690656138
2015-10-26,-0.001514388181413362
2015-10-27,-0.008594477274728396
2015-10-28,0.010708724252371349
2015-10-29,-0.0050454849713030825
2015-10-30,0.009127799155836058
2015-11-02,0.02814076980519986
2015-11-03,-0.00024420735807928473
2015-11-04,0.018626186126088573
2015-11-05,-0.008446980720713926
2015-11-06,0.009099609459919167
2015-11-09,-0.007818531321317712
2015-11-10,-0.012182489144508812
2015-11-11,-0.00210457174923262
2015-11-12,-0.017165225191737354
2015-11-13,-0.010978124644376419
2015-11-16,0.0050455916096125986
2015-11-17,0.0014054397712930378
2015-11-18,0.012131632219946953
2015-11-19,0.015849375554367606
2015-11-20,0.00682577361498482
2015-11-23,0.0014528885409825776
2015-11-24,-0.0024177293886679108
2015-11-25,0.013087749267959525
2015-11-27,0.01770343400707719
2015-11-30,-0.003291089405245917
2015-12-01,0.0051886177812945355
2015-12-02,0.002346351748843789
2015-12-03,-0.023876527070038178
2015-12-04,0.009832314206677184
2015-12-07,-0.012586263163141043
2015-12-08,0.009620155928506957
2015-12-09,-0.013101523211170085
2015-12-10,0.017137425597751
2015-12-11,-0.00711923369756573
2015-12-14,-0.03393878260918759
2015-12-15,0.01692237462501356
2015-12-16,0.011093780257505514
2015-12-17,0.010250210009437932
2015-12-18,-0.003000862423254258
2015-12-21,-0.0028667010277629856
2015-12-22,0.004312413943127424
2015-12-23,0.01464686524956571
2015-12-24,0.003701507346813848
2015-12-28,0.0014849452866427804
2015-12-29,-0.006217299583690883
2015-12-30,0.0028874369184621607
2015-12-31,-0.018234118988962655
2016-01-04,-0.021994325576968232
2016-01-05,0.007996265736875285
2016-01-06,-0.016856910746099962
2016-01-07,-0.03933433354694993
2016-01-08,-0.011548556658315445
2016-01-11,-0.03505045210700375
2016-01-12,0.014584604335831752
2016-01-13,-0.0306482611427068
2016-01-14,0.008953615979486962
2016-01-15,-0.039378985368654806
2016-01-19,0.010392773030664992
2016-01-20,-0.02571439034791867
2016-01-21,0.00879754924071574
2016-01-22,0.019186228796128413
2016-01-25,-0.011979591531072753
2016-01-26,-0.015588861139761434
2016-01-27,-0.010146485369650904
2016-01-28,-0.02352325600125782
2016-01-29,0.015776653052376632
2016-02-01,0.008064549991416925
2016-02-02,-0.0245926814169668
2016-02-03,-0.005649879657381174
2016-02-04,0.009348015487186112
2016-02-05,-0.06174336738738673
2016-02-08,-0.04516130796289053
2016-02-09,0.004054117573600191
2016-02-10,0.013122507318705345
2016-02-11,-0.01826635509591068
2016-02-12,0.011501952450483799
2016-02-16,0.04013378504535248
2016-02-17,0.03729899843472406
2016-02-18,-0.0037197069682984862
2016-02-19,0.0018667974235340168
2016-02-22,0.02298138356731405
2016-02-23,-0.010321916670777531
2016-02-24,0.008589113455174324
2016-02-25,0.005474475043189431
2016-02-26,0.029643076188837325
2016-02-29,0.004700263746063804
2016-03-01,0.022514801106532367
2016-03-02,0.014011803508182874
2016-03-03,0.02340685728651115
2016-03-04,0.021768954265530827
2016-03-07,-0.0016180924840601962
2016-03-08,-0.016207707950985584
2016-03-09,-0.012630301211090766
2016-03-10,-0.009288165270011639
2016-03-11,0.0065684738093769734
2016-03-14,0.026213016284624358
2016-03-15,-0.03043476990753513
2016-03-16,0.008408028812296964
2016-03-17,0.006114392823566517
2016-03-18,0.02254151678318106
2016-03-21,0.009563375008154074
2016-03-22,0.009901081023188096
2016-03-23,0.0
2016-03-24,-0.03179645100224149
2016-03-28,0.0
2016-03-29,0.0309248253382286
2016-03-30,0.003451122092142711
2016-03-31,0.01216919259925131
2016-04-01,0.0
2016-04-04,0.020909823616388268
2016-04-05,-0.006656405739908777
2016-04-06,0.0042783652697506724
2016-04-07,0.0008723373866974526
2016-04-08,-0.005641025804130839
2016-04-11,0.0
2016-04-12,0.005157307418745871
2016-04-13,0.016418792276629235
2016-04-14,0.010600819554598573
2016-04-15,-0.01248768827465252
2016-04-18,0.002326902144729859
2016-04-19,-0.02129599847931929
2016-04-20,0.008817025377209742
2016-04-21,0.009813533045188727
2016-04-22,-0.0023790785904796996
2016-04-25,-0.0045660199047504735
2016-04-26,-0.002497583603932152
2016-04-27,-0.005160631985692943
2016-04-28,0.006420278332046392
2016-04-29,-0.03648900048437054
2016-05-02,0.006355921995771618
2016-05-03,-0.014736891126278295
2016-05-04,-0.027243740884904444
2016-05-05,-0.002745465916907608
2016-05-06,-0.012114422349871257
2016-05-09,0.02006662331438025
2016-05-10,0.007759598078418639
2016-05-11,-0.007265909113583935
2016-05-12,-0.019608961276784465
2016-05-13,0.008969839652756662
2016-05-16,0.009387016305531626
2016-05-17,-0.00711157695786635
2016-05-18,0.007162513725436526
2016-05-19,-0.01701318291529641
2016-05-20,0.012855497293531082
2016-05-23,0.00967046647897618
2016-05-24,0.02960374473527394
2016-05-25,0.008985359781533031
2016-05-26,0.006809610734580307
2016-05-27,0.0036422940665736814
2016-05-31,0.01036786967821457
2016-06-01,0.0015393280714166568
2016-06-02,0.011372905873139993
2016-06-03,-0.008712498239415445
2016-06-06,0.01788460526763358
2016-06-07,0.0005019986020422529
2016-06-08,-0.0005017467258873198
2016-06-09,-0.014558270808371354
2016-06-10,-0.0015281390857220245
2016-06-13,-0.014796060923355947
2016-06-14,-0.0036249968149191236
2016-06-15,0.008316174295494472
2016-06-16,0.00103069515017018
2016-06-17,0.007723957618088084
2016-06-20,0.005109977767181029
2016-06-21,-0.004575514700735472
2016-06-22,-0.007252225313757021
2016-06-23,0.009363096710626628
2016-06-24,-0.03363914147526126
2016-06-27,-0.036919898049584954
2016-06-28,0.023986790644762168
2016-06-29,0.024762084615527424
2016-06-30,0.006732589943193812
2016-07-01,0.008346167242718971
2016-07-05,-0.01043659297329913
2016-07-06,-0.0030131791951222286
2016-07-07,0.022407512385296036
2016-07-08,0.020897071168857195
2016-07-11,0.003993933547699946
2016-07-12,0.017404360265189434
2016-07-13,0.0009773975922655609
2016-07-14,-0.009521356074005727
2016-07-15,0.0004928638692871523
2016-07-18,0.008721409947523018
2016-07-19,-0.01865964459656777
2016-07-20,0.01622706405496932
2016-07-21,-0.001763471800551808
2016-07-22,-0.012021516351556794
2016-07-25,-0.0004967409461056338
2016-07-26,0.010683286344802534
2016-07-27,0.008702114712364262
2016-07-28,0.008919455959436773
2016-07-29,-0.00531420897235424
2016-08-01,0.0019914516381180913
2016-08-02,-0.020260831234092835
2016-08-03,0.01073567802355102
2016-08-04,0.012236979766705236
2016-08-05,0.007350017819466981
2016-08-08,0.003264187186427847
2016-08-09,0.0
2016-08-10,0.0014832553870016696
2016-08-11,0.008313089565277876
2016-08-12,0.0035536422384048194
2016-08-15,0.0
2016-08-16,0.007082019557130392
2016-08-17,-0.007782397969123167
2016-08-18,0.0028822280738547423
2016-08-19,-0.006831584560802018
2016-08-22,0.0040798945764892736
2016-08-23,0.004818821455515376
2016-08-24,-0.0013164489336793261
2016-08-25,-0.015066019686039933
2016-08-26,-0.0014339088107124809
2016-08-29,0.007132633453221571
2016-08-30,-0.009696311869912155
2016-08-31,-0.0106071801977341
2016-09-01,-0.00698553300467275
2016-09-02,0.010894079447357763
2016-09-06,0.023002893382246148
2016-09-07,0.005101938173986298
2016-09-08,9.386040256975647e-05
2016-09-09,-0.01405141007647448
2016-09-12,0.0
2016-09-13,-0.017778788135886292
2016-09-14,0.005483460031377119
2016-09-15,0.023166187276327133
2016-09-16,0.0
2016-09-19,0.008490502927749555
2016-09-20,0.0032740261974311125
2016-09-21,-0.00932393046736757
2016-09-22,0.02823524764858676
2016-09-23,0.0004119577891812387
2016-09-26,-0.007731478565358052
2016-09-27,0.019133215461819564
2016-09-28,0.002488218488870819
2016-09-29,-0.009025287261099302
2016-09-30,0.010018214593289665
2016-10-03,0.0013525444165110034
2016-10-04,-0.005853202297010918
2016-10-05,0.014175823013161448
2016-10-06,-0.02558841415367985
2016-10-07,-0.005453675686077242
2016-10-10,0.009170073045826843
2016-10-11,-0.04109605852039466
2016-10-12,-0.0071427235380575604
2016-10-13,-0.012517878682264838
2016-10-14,-0.0101512307151016
2016-10-17,-0.006869350966134946
2016-10-18,0.01630424401852726
2016-10-19,0.003889186379435472
2016-10-20,-0.0038741192077803577
2016-10-21,-0.0019444424343731948
2016-10-24,0.0067217834582962155
2016-10-25,-0.011515409160473333
2016-10-26,-0.004894771668226494
2016-10-27,-0.008066866480790802
2016-10-28,-0.009223456139836439
2016-10-31,-0.0031530834264921204
2016-11-01,-0.00994131742307347
2016-11-02,-0.020234298498887693
2016-11-03,-0.0062111701547094
2016-11-04,0.0028124685387385107
2016-11-07,0.029396451432274207
2016-11-08,0.008577242327565848
2016-11-09,0.002751375610240414
2016-11-10,0.01970565232964816
2016-11-11,-0.003864968735757812
2016-11-14,0.015667287825188003
2016-11-15,-0.0041102237755177295
2016-11-16,0.0
2016-11-17,0.006069269292581003
2016-11-18,-0.0033783150071459156
2016-11-21,0.011138005122443229
2016-11-22,0.002442512489794435
2016-11-23,-0.004825218788258034
2016-11-25,0.0057608125401587
2016-11-28,-0.0042958617508738195
2016-11-29,-0.02396936108033032
2016-11-30,-0.012279051102939587
2016-12-01,-0.023371531315183214
2016-12-02,0.007892172311586787
2016-12-05,0.020358491082318242
2016-12-06,-0.0011385927570802812
2016-12-07,-0.004708863182485645
2016-12-08,0.012251054733725786
2016-12-09,0.003640710908432432
2016-12-12,-4.9049086176977674e-05
2016-12-13,0.007402316081734472
2016-12-14,-0.006763832839950634
2016-12-15,0.018127338957567796
2016-12-16,0.0023580478193354626
2016-12-19,0.002880307021017492
2016-12-20,-0.0029680297739177464
2016-12-21,-0.015747776706225847
2016-12-22,-0.013658681017559626
2016-12-23,0.00445095483936675
2016-12-27,0.019940898589401845
2016-12-28,-0.020516399496887883
2016-12-29,-0.004928545213602198
2016-12-30,-0.006934199951321385
2017-01-03,0.019301806170048952
2017-01-04,0.045163133349107154
2017-01-05,-0.009831469645933955
2017-01-06,0.010165635968790054
2017-01-09,0.013105588824016356
2017-01-10,0.014090890205575413
2017-01-11,-0.007744917195004586
2017-01-12,0.002295735888428796
2017-01-13,0.01053595053492784
2017-01-17,-0.015412595871862389
2017-01-18,0.003683267370450549
2017-01-19,0.0013762157821375354
2017-01-20,0.0008704117764601893
2017-01-23,0.002242594805480058
2017-01-24,0.0073979476716115045
2017-01-25,0.008386202005262522
2017-01-26,-0.00606871175747381
2017-01-27,0.0029396504416301372
2017-01-30,-0.007756486704390997
2017-01-31,0.003999511418249391
2017-02-01,0.008283939055648393
2017-02-02,0.0061057332114611285
2017-02-03,-0.001338663015963193
2017-02-06,0.00044681914558619695
2017-02-07,-0.004912815461440068
2017-02-08,0.009425408964373272
2017-02-09,0.019341980694788763
2017-02-10,0.001963020934831805
2017-02-13,0.0034827378301056644
2017-02-14,0.007375221927091724
2017-02-15,-0.002239460100741386
2017-02-16,-0.008114613460744269
2017-02-17,0.006962535203791864
2017-02-21,0.002593132081863736
2017-02-22,-0.0011639581456263093
2017-02-23,-0.008760110521990772
2017-02-24,-0.004788854518923413
2017-02-27,0.01793528084010343
2017-02-28,-0.006231214316529843
2017-03-01,0.015999965670681293
2017-03-02,-0.010427773748749036
2017-03-03,-0.0021504081765305605
2017-03-06,0.003017184110607918
2017-03-07,-0.0010745464250253578
2017-03-08,-0.0002580974058897789
2017-03-09,-0.010499590113438262
2017-03-10,0.009349908162357146
2017-03-13,0.009478762057660184
2017-03-14,-0.0021340641586897746
2017-03-15,0.009195941788215256
2017-03-16,0.005297676349063973
2017-03-17,-0.0002951999288800522
2017-03-20,-0.0005481163220183438
2017-03-21,-0.027890232177409713
2017-03-22,-0.0008247357924655585
2017-03-23,0.0002171534328203606
2017-03-24,0.00586321657420652
2017-03-27,0.011658079304610602
2017-03-28,0.007042252899749801
2017-03-29,0.00826443818984779
2017-03-30,0.002522107436580212
2017-03-31,0.004612072174981163
2017-04-03,0.0029214809394917385
2017-04-04,-0.004161300754702002
2017-04-05,-0.011491936180579754
2017-04-06,0.004692391868338586
2017-04-07,0.007489759330122414
2017-04-10,0.005972233818350325
2017-04-11,-0.00249092338998691
2017-04-12,-0.008781905543749913
2017-04-13,0.0014277759186944738
2017-04-17,0.00570226767077564
2017-04-18,0.007254198260044031
2017-04-19,0.005794764038782763
2017-04-20,0.010287956609641657
2017-04-21,-0.00855397927319601
2017-04-24,0.013968853216623556
2017-04-25,0.013776328765571888
2017-04-26,0.012390102394549407
2017-04-27,0.009869778471921054
2017-04-28,-0.016028247966586084
2017-05-01,0.021454037048834085
2017-05-02,-0.0011667588709054488
2017-05-03,-0.003504606875898153
2017-05-04,-0.0035170939166272452
2017-05-05,0.01019612987290519
2017-05-08,-0.002717420309402252
2017-05-09,0.02257685538962062
2017-05-10,0.009478448085226576
2017-05-11,0.0018856391211961032
2017-05-12,0.005344519844076245
2017-05-15,0.008947586966457255
2017-05-16,0.004638093041241742
2017-05-17,-0.03527222662249074
2017-05-18,0.02909640228254684
2017-05-19,0.001860083997194062
2017-05-22,0.015596080110631627
2017-05-23,0.0032906142321162957
2017-05-24,0.029883421791251363
2017-05-25,0.01238505532706835
2017-05-26,-0.012583063749415646
2017-05-30,-0.003893878153791386
2017-05-31,0.007462766613177907
2017-06-01,0.02151664015440935
2017-06-02,0.006906090461918257
2017-06-05,0.0017146454257179755
2017-06-06,0.006847054124022645
2017-06-07,0.001496145933978843
2017-06-08,0.010049505273644233
2017-06-09,-0.03105887794497786
2017-06-12,-0.01928812474548891
2017-06-13,0.015564275463681998
2017-06-14,-0.008707747062799642
2017-06-15,-0.003513782363125384
2017-06-16,0.005959109169783705
2017-06-19,0.027726180578658832
2017-06-20,0.0010232436074950613
2017-06-21,0.014309992284915252
2017-06-22,0.009405473047954027
2017-06-23,0.008319448322890999
2017-06-26,-0.014851478393104522
2017-06-27,-0.021574493079959955
2017-06-28,0.01985884119078296
2017-06-29,-0.01876711013836363
2017-06-30,-0.009477578109134521
2017-07-03,-0.005181463702439215
2017-07-05,0.006597313970224672
2017-07-06,-0.020351818872320626
2017-07-07,0.006337981467881004
2017-07-10,-0.0013994814677751322
2017-07-11,0.0126138540950822
2017-07-12,0.01695491170664054
2017-07-13,-0.0044232604892583405
2017-07-14,0.0018797699028807457
2017-07-17,-0.006992980855410225
2017-07-18,0.010992720357042796
2017-07-19,0.001359201981460556
2017-07-20,0.008822364900566093
2017-07-21,0.007400002920587179
2017-07-24,0.014357268648969912
2017-07-25,-0.002633261930760189
2017-07-26,-0.00033009501796688046
2017-07-27,-0.015186449923243583
2017-07-28,0.004693311954230062
2017-07-31,-0.01161162667831428
2017-08-01,0.0026331562309120926
2017-08-02,0.003771014399741146
2017-08-03,0.007480200183962449
2017-08-04,0.012152432066099284
2017-08-07,0.01875005610429703
2017-08-08,-0.0016143684667858649
2017-08-09,-0.009055723522823578
2017-08-10,-0.017950458566909133
2017-08-11,0.02193419822978049
2017-08-14,0.032520320283898396
2017-08-15,-0.01480300223411446
2017-08-16,0.007992308476260535
2017-08-17,-0.01776092068970425
2017-08-18,-0.007103715230315499
2017-08-21,0.0
2017-08-22,0.018536641052936842
2017-08-23,0.005427871540483631
2017-08-24,0.007939009978991551
2017-08-25,-0.0026150062460402745
2017-08-28,0.020627346610305075
2017-08-29,0.015165490076840316
2017-08-30,0.018902463352132193
2017-08-31,0.02160377152485382
2017-09-01,-0.014703180675459837
2017-09-05,-0.00624238952200884
2017-09-06,0.0062816017268096935
2017-09-07,0.0032699167292180586
2017-09-08,-0.014222261044317897
2017-09-11,0.013525879977264621
2017-09-12,0.0044483143031559536
2017-09-13,-0.004428614434225042
2017-09-14,-0.005041668115104758
2017-09-15,0.011922464512916786
2017-09-18,0.012076600286093253
2017-09-19,-0.004365700046280896
2017-09-20,0.002631062894900449
2017-09-21,-0.009621050841158607
2017-09-22,-0.00206060299186972
2017-09-25,-0.01533924890498628
2017-09-26,-0.0038945362410125473
2017-09-27,0.017443715629004153
2017-09-28,0.008572232956228332
2017-09-29,0.004923608332349838
2017-10-02,0.005308217773976942
2017-10-03,0.00957324081901434
2017-10-04,-0.004022735241346886
2017-10-05,0.013271472445057775
2017-10-06,-0.0028472097132893337
2017-10-09,-0.0020844780941482455
2017-10-10,-0.004492616087545698
2017-10-11,0.0005749859254426948
2017-10-12,0.00315989260902505
2017-10-13,-0.0038658182524308193
2017-10-16,-0.002731278150927774
2017-10-17,0.0011534061118247951
2017-10-18,-0.0011520772988269368
2017-10-19,-0.009512710053822815
2017-10-20,0.013969831008497913
2017-10-23,-0.009184909045142797
2017-10-24,-0.004635026822356503
2017-10-25,-0.018335230216836806
2017-10-26,0.014230448723999256
2017-10-27,0.01870817579619133
2017-10-30,0.005452012313743371
2017-10-31,0.013413047767300457
2017-11-01,-0.01548847996344771
2017-11-02,-0.003718406407391406
2017-11-03,0.0134939181212268
2017-11-06,-0.001699684859615802
2017-11-07,-0.009931885118704131
2017-11-08,0.001146438769397351
2017-11-09,-0.007729600180114038
2017-11-10,0.0011541059156561229
2017-11-13,0.004322625094222765
2017-11-14,-0.009756151384489375
2017-11-15,0.002608010639317593
2017-11-16,0.02023113184577152
2017-11-17,0.0050992888404228776
2017-11-20,0.010146486423493695
2017-11-21,0.016741102716441914
2017-11-22,0.008781506788696047
2017-11-24,0.0048966472689668805
2017-11-27,0.00866275722912202
2017-11-28,0.011003605281739492
2017-11-29,-0.01831689471454323
2017-11-30,0.00594927357903785
2017-12-01,0.005376242498880135
2017-12-04,-0.017646948269610108
2017-12-05,-0.010615214022202113
2017-12-06,0.004676722615579498
2017-12-07,0.01478648015607753
2017-12-08,-0.008634595280889612
2017-12-11,0.006804500290746862
2017-12-12,0.014868882877646428
2017-12-13,0.0015982650492003536
2017-12-14,-0.0007979123200367866
2017-12-15,0.02342305459487859
2017-12-18,0.038751485594411994
2017-12-19,-0.02128167939484471
2017-12-20,-0.01944247234214669
2017-12-21,-0.015131681496307836
2017-12-22,0.0
2017-12-26,0.013509733286162895
2017-12-27,-0.0058772203030382775
2017-12-28,-0.0029294584067564022
2017-12-29,-0.009615328005100676
2018-01-02,0.04045309082182302
2018-01-03,0.004147366409633202
2018-01-04,0.0033555671531217968
2018-01-05,0.016207775754349507
2018-01-08,-0.006835402931108958
2018-01-09,0.002039220501252048
2018-01-10,0.0025438900999601444
2018-01-11,0.002537435143818545
2018-01-12,0.005062025725661945
2018-01-16,-0.022412438162544124
2018-01-17,0.023441408675876296
2018-01-18,0.003523776372071019
2018-01-19,0.0017558550599494627
2018-01-22,0.027791691548781694
2018-01-23,0.012667358630794157
2018-01-24,-0.006013873425855576
2018-01-25,-0.0007261021984398264
2018-01-26,0.01840647216582747
2018-01-29,0.006658721450540028
2018-01-30,-0.017245564138993252
2018-01-31,-0.008653697551842865
2018-02-01,-0.011881784161131614
2018-02-02,-0.023312857993311176
2018-02-05,-0.035427268828973624
2018-02-06,0.023443682879004557
2018-02-07,0.01399862216322445
2018-02-08,-0.04367471098536846
2018-02-09,0.007086571908337724
2018-02-12,0.011727949362612344
2018-02-13,0.011643312884183965
2018-02-14,0.02566724281280308
2018-02-15,0.02010921826963208
2018-02-16,-0.0007299679044596719
2018-02-20,-0.000974366050665032
2018-02-21,0.001219021067370818
2018-02-22,-0.0019479595920883774
2018-02-23,0.012686101493990298
2018-02-26,0.020477057529642684
2018-02-27,-0.015816798959962797
2018-02-28,-0.018709540657493196
2018-03-01,-0.003422136735600656
2018-03-02,0.023055918998810876
2018-03-05,0.02037897131770916
2018-03-06,0.009398429896043892
2018-03-07,0.015130402410344024
2018-03-08,0.0089430061784741
2018-03-09,0.020227037781585855
2018-03-12,0.0020049802148127682
2018-03-13,-0.012005356122718913
2018-03-14,-0.006975646640964728
2018-03-15,-0.011330104441494515
2018-03-16,-0.004813235677709526
2018-03-19,-0.018885309558204333
2018-03-20,0.0018779018820700433
2018-03-21,-0.00023413037446606833
2018-03-22,-0.02835736011667167
2018-03-23,-0.019536788910091918
2018-03-26,0.021156197086160233
2018-03-27,-0.0510721315421796
2018-03-28,-0.02538723618306049
2018-03-29,0.017713174968694068
2018-04-02,-0.03224982418865319
2018-04-03,0.014281850849620525
2018-04-04,0.023989688931919106
2018-04-05,0.006620767364130309
2018-04-06,-0.027574163604838442
2018-04-09,0.006243601996389403
2018-04-10,0.032057887274061114
2018-04-11,0.004258571695892499
2018-04-12,0.010725860145438082
2018-04-13,-0.006910149520105602
2018-04-16,-0.0004969586011878135
2018-04-17,0.02884138082921406
2018-04-18,0.006766535391631745
2018-04-19,-0.010321644431837251
2018-04-20,-0.008731553129975644
2018-04-23,-0.016393334559158812
2018-04-24,-0.014179188287443578
2018-04-25,-0.01942982699641249
2018-04-26,0.017498832969953915
2018-04-27,-0.004046465181001269
2018-04-30,-0.007364249602711981
2018-05-01,0.012279352288445677
2018-05-02,-0.000505579426414382
2018-05-03,-0.0065738961600185775
2018-05-04,0.015780189425024904
2018-05-07,0.026058693556109125
2018-05-08,0.008302714341251516
2018-05-09,0.025429967122720054
2018-05-10,0.007794130222828377
2018-05-11,0.004851115895368574
2018-05-14,0.0017024983399140936
2018-05-15,-0.005122289238269517
2018-05-16,0.00795713626014316
2018-05-17,0.0013930093826735046
2018-05-18,-0.011824771163609915
2018-05-21,0.0028155308655337663
2018-05-22,0.0030416186106143606
2018-05-23,0.010963450815676845
2018-05-24,-0.0020766854408800217
2018-05-25,-0.0013874009459431402
2018-05-29,-0.0027780899303833095
2018-05-30,0.013930662479361366
2018-05-31,-0.004350807884995644
2018-06-01,0.006669735348273642
2018-06-04,0.0169065913277211
2018-06-05,0.013030783308843885
2018-06-06,0.017298662679019916
2018-06-07,-0.009592249739859504
2018-06-08,0.0059432636437861674
2018-06-11,0.0017504273125612535
2018-06-12,0.00851892382348196
2018-06-13,0.0049818357677560154
2018-06-14,0.018749915325346755
2018-06-15,0.00021156858764315167
2018-06-18,0.012055736271736173
2018-06-19,-0.008986495432278585
2018-06-20,0.020033805879943634
2018-06-21,-0.023774973849427505
2018-06-22,-0.012918312021521605
2018-06-25,-0.02832005164959761
2018-06-26,0.010598182442535409
2018-06-27,-0.028839713688890933
2018-06-28,0.011698610942622922
2018-06-29,0.00022220775935344328
2018-07-02,0.013783893788685386
2018-07-03,-0.009868273820585527
2018-07-05,0.013731811576599195
2018-07-06,0.020319106070635362
2018-07-09,0.010064219052788648
2018-07-10,-0.004452013600249938
2018-07-11,-0.000851861020786826
2018-07-12,0.017689881633042193
2018-07-13,-0.000209441825566814
2018-07-16,-0.016757573485232435
2018-07-17,0.010864986498336782
2018-07-18,-0.0029503803423597263
2018-07-19,0.004650055979447121
2018-07-20,-0.005470092311296693
2018-07-23,-0.003384838338715057
2018-07-24,-0.02610915267795466
2018-07-25,0.021360101433790524
2018-07-26,-0.007682499766762718
2018-07-27,-0.038279480182388026
2018-07-30,-0.02504492732033814
2018-07-31,0.021789155847627306
2018-08-01,0.0040402883498682485
2018-08-02,0.02548631492108
2018-08-03,-0.008720235126250753
2018-08-06,0.010336463837727683
2018-08-07,0.014366450080706583
2018-08-08,0.0010730524470370373
2018-08-09,0.003644205108362275
2018-08-10,0.0023493608678275546
2018-08-13,-0.006818635498776815
2018-08-14,0.005792801530010827
2018-08-15,-0.02047798330759898
2018-08-16,0.010453226803633475
2018-08-17,-0.012284642665925771
2018-08-20,0.01200091062951536
2018-08-21,0.021345280381674714
2018-08-22,0.0008445741432432374
2018-08-23,-0.0014766068452910508
2018-08-24,0.01520920875140419
2018-08-27,0.01706209312924689
2018-08-28,0.0022502656876821625
2018-08-29,0.013063915506786872
2018-08-30,-0.0006045243590006022
2018-08-31,0.002016300099193735
2018-09-04,-0.010664065589588323
2018-09-05,-0.0239983316769925
2018-09-06,-0.01979585174363163
2018-09-07,-0.006590260888248656
2018-09-10,0.002782087649781051
2018-09-11,0.012163878113129245
2018-09-12,0.0031625652520597125
2018-09-13,0.007566159281928719
2018-09-14,0.006257842099455235
2018-09-17,-0.019900407842476264
2018-09-18,0.018189409493655884
2018-09-19,-0.0006230656389645262
2018-09-20,0.004572732011805192
2018-09-21,-0.024208591902293297
2018-09-24,0.003604795892400592
2018-09-25,0.009296355016405133
2018-09-26,0.0008373312146121581
2018-09-27,0.008366477534686112
2018-09-28,-0.018046055492560442
2018-10-01,0.001478790437373645
2018-10-02,-0.025733081486484233
2018-10-03,0.0019484622542880192
2018-10-04,-0.031330864506346034
2018-10-05,-0.018960666228390433
2018-10-08,-0.018644842403871653
2018-10-09,0.004634029687790031
2018-10-10,-0.052121856848328485
2018-10-11,-0.009732391028545395
2018-10-12,0.032432476345082284
2018-10-15,-0.009043205346168204
2018-10-16,0.047790516478095846
2018-10-17,-0.00595923971721235
2018-10-18,-0.029282856470303487
2018-10-19,-0.018527334615391355
2018-10-22,0.0029041124255153594
2018-10-23,0.007721973112722713
2018-10-24,-0.05675289912389936
2018-10-25,0.046712493850864956
2018-10-26,-0.008003865949526845
2018-10-29,-0.01002450085337303
2018-10-30,0.025438318720776953
2018-10-31,0.02552986829817372
2018-11-01,0.050258478997892375
2018-11-02,0.016994521094116255
2018-11-05,-0.014511847656385024
2018-11-06,0.00022322467394952916
2018-11-07,0.025206193170539848
2018-11-08,-0.015665704050315976
2018-11-09,-0.01909822743423384
2018-11-12,-0.036416041727875825
2018-11-13,0.008185245460946566
2018-11-14,-0.012062241887765945
2018-11-15,0.029349705975800555
2018-11-16,-0.0038777864577755894
2018-11-19,-0.047858886734952644
2018-11-20,-0.018277996084324344
2018-11-21,0.02253798054870315
2018-11-23,-0.0007189914873050318
2018-11-26,0.0297292583872395
2018-11-27,-0.009778881258424077
2018-11-28,0.03879617228811383
2018-11-29,-0.0029424803167866775
2018-11-30,0.009080618848362976
2018-12-03,0.02429691017635882
2018-12-04,-0.04963759774156207
2018-12-06,0.006239946582397016
2018-12-07,-0.033073026728053234
2018-12-10,0.010451319448659513
2018-12-11,-0.001880646365076788
2018-12-12,0.020018904387675285
2018-12-13,-0.015469953914453383
2018-12-14,-0.020403288788324314
2018-12-17,-0.044290297175265
2018-12-18,-0.0007513622787096441
2018-12-19,-0.015292120870770254
2018-12-20,-0.037169077057117805
2018-12-21,-0.05208883560418143
2018-12-24,-0.01422600954966724
2018-12-26,0.061686628977085434
2018-12-27,0.001320550531837661
2018-12-28,0.01016475985518528
2018-12-31,0.011422224894440003
2019-01-02,0.006184393506721841
2019-01-03,-0.03287011671519935
2019-01-04,0.06189565821386833
2019-01-07,0.043455705253572896
2019-01-08,0.0029925128004335555
2019-01-09,0.03132763605265754
2019-01-10,0.005062623483563122
2019-01-11,0.0021588345158527478
2019-01-14,-0.01795118615483604
2019-01-15,0.030465503971051966
2019-01-16,0.0007095072474505582
2019-01-17,0.007799607089219451
2019-01-18,0.003752338255077481
2019-01-22,-0.03948586213269267
2019-01-23,-0.009973367155750035
2019-01-24,0.02162167887440436
2019-01-25,0.023809621189776253
2019-01-28,-0.02090683943267113
2019-01-29,-0.01031663163424179
2019-01-30,0.024727128250082053
2019-01-31,0.018452863302909517
2019-02-01,0.001393725598203721
2019-02-04,0.016005674662470604
2019-02-05,0.002739630290319095
2019-02-06,0.0009107450901573166
2019-02-07,-0.03343947225209343
2019-02-08,0.011767452246296495
2019-02-11,0.010002353256776786
2019-02-12,0.019115623902427048
2019-02-13,0.0065536150346861
2019-02-14,0.0026942912246181727
2019-02-15,0.01186746405936856
2019-02-19,0.0006638186207730268
2019-02-20,0.00818216078347378
2019-02-21,-0.019521745176492966
2019-02-22,0.023937269346901546
2019-02-25,0.013545965658241732
2019-02-26,-0.007544673011738667
2019-02-27,0.014769823410503813
2019-02-28,-0.003424650866511336
2019-03-01,0.005154544162652597
2019-03-04,-0.012179506789340877
2019-03-05,0.0028120644245148707
2019-03-06,-0.021570278757783945
2019-03-07,-0.017416235937020685
2019-03-08,0.0065066507559399245
2019-03-11,0.03477478765741271
2019-03-12,0.002800554368506125
2019-03-13,0.0083781145419064
2019-03-14,-0.006391209491909966
2019-03-15,0.007504316563477831
2019-03-18,-0.0029794358328836257
2019-03-19,0.0027749348221228765
2019-03-20,0.002554273470744217
2019-03-21,0.020594482040778628
2019-03-22,-0.042022216750093766
2019-03-25,-0.002171377071141012
2019-03-26,0.004352548698280723
2019-03-27,-0.010834129599239017
2019-03-28,0.010733692662310945
2019-03-29,0.012787273943963173
2019-04-01,0.0149796406545053
2019-04-02,0.008011791173946792
2019-04-03,0.02028847902129427
2019-04-04,-0.013324906792540503
2019-04-05,0.01620599365883857
2019-04-08,-0.0020445677770781767
2019-04-09,-0.010448699167176612
2019-04-10,0.01407864843402895
2019-04-11,-0.012862409298762256
2019-04-12,0.0022751142710375483
2019-04-15,-0.010524083063157552
2019-04-16,0.006882031866729754
2019-04-17,-0.025476300867818602
2019-04-18,0.0008501577969868279
2019-04-22,0.003397826556731154
2019-04-23,0.024973412149103646
2019-04-24,-0.008672294616786425
2019-04-25,-0.00895640961366062
2019-04-26,0.0023118497740681754
2019-04-29,0.002096871742685691
2019-04-30,-0.011927117832218004
2019-05-01,-0.009318151361854654
2019-05-02,0.004916664165612428
2019-05-03,0.029355400718849012
2019-05-06,0.008886239752508907
2019-05-07,-0.031134882313994416
2019-05-08,-0.018393159031480977
2019-05-09,-0.008615188203458857
2019-05-10,0.0045623624686144115
2019-05-13,-0.055147078633781765
2019-05-14,0.01922623964903525
2019-05-15,0.012126722922321642
2019-05-16,0.0046593660162876915
2019-05-17,-0.029151889992103275
2019-05-20,-0.02343030201505003
2019-05-21,0.022594923275004897
2019-05-22,-0.015261973793656791
2019-05-23,-0.02752717179744768
2019-05-24,0.0023785881906914774
2019-05-28,-0.005932641390490323
2019-05-29,-0.00883259349167187
2019-05-30,0.0069846200622727395
2019-05-31,-0.025831185377459875
2019-06-03,-0.014485658244809962
2019-06-04,0.0413552777114905
2019-06-05,0.007416301216275567
2019-06-06,0.00047494565408290335
2019-06-07,0.02563489014081166
2019-06-10,0.0094885722787319
2019-06-11,-0.00733607039697215
2019-06-12,-0.0034642422572888076
2019-06-13,0.012282757395675192
2019-06-14,-0.013965129640439389
2019-06-17,0.031112081600173314
2019-06-18,0.01576218553774167
2019-06-19,0.0035469663780340888
2019-06-20,0.001325291079174784
2019-06-21,0.002426688089876894
2019-06-24,-0.014304593592459725
2019-06-25,-0.007367657871539812
2019-06-26,0.0051730458284322545
2019-06-27,0.025285385597218824
2019-06-28,0.047140983266395375
2019-07-01,-0.0012504362514080825
2019-07-02,-0.010016839713067882
2019-07-03,0.013069199363146655
2019-07-05,-0.005409894047018082
2019-07-08,-0.00941424939557367
2019-07-09,0.019007439567608087
2019-07-10,0.006839488014625639
2019-07-11,0.0006174147094168969
2019-07-12,-0.0030858195980135728
2019-07-15,0.004333421963719664
2019-07-16,-0.006163950102679672
2019-07-17,0.00475512733581307
2019-07-18,0.0047325417336192555
2019-07-19,-0.011058753398684229
2019-07-22,0.009318557976883302
2019-07-23,0.003282799677895021
2019-07-24,0.020858855217188665
2019-07-25,-0.033253221125538523
2019-07-26,0.02258599094419833
2019-07-29,-0.004457944998509822
2019-07-30,0.009770059981272672
2019-07-31,-0.023180884625076725
2019-08-01,-0.015270215766839734
2019-08-02,-0.03352901775613615
2019-08-05,-0.04249792307380962
2019-08-06,0.009058133907272392
2019-08-07,0.012791760872308933
2019-08-08,0.016840206103805766
2019-08-09,-0.013510542552990668
2019-08-12,-0.020676025999817216
2019-08-13,0.020210309251496472
2019-08-14,-0.035153721074447364
2019-08-15,-0.0018330864537656755
2019-08-16,0.025941042482736876
2019-08-19,0.01924373226033138
2019-08-20,-0.006366661604733537
2019-08-21,0.008837809677235464
2019-08-22,-0.014673431757329825
2019-08-23,-0.032896307011101245
2019-08-26,0.006435198756536087
2019-08-27,-0.01530022338584447
2019-08-28,0.006029672987393431
2019-08-29,0.018441642885261844
2019-08-30,0.0031688487283159095
2019-09-03,-0.02369124672629308
2019-09-04,0.0016177915390598319
2019-09-05,0.016151328904093987
2019-09-06,-0.002270748350146734
2019-09-09,-0.002958619292995235
2019-09-10,0.012326020442200214
2019-09-11,0.026832100356708466
2019-09-12,-0.000878433794663791
2019-09-13,-0.005494451527058852
2019-09-16,0.0033149543088157873
2019-09-17,0.0022025516461512407
2019-09-18,-0.010109957698147154
2019-09-19,-0.004218420785739196
2019-09-20,-0.0024524829229166656
2019-09-23,-0.004470440393008368
2019-09-24,-0.033677530376595155
2019-09-25,0.00232350748000143
2019-09-26,-0.0016226665802466789
2019-09-27,-0.00998386541528673
2019-09-30,0.00586316765019923
2019-10-01,-0.023082396121702264
2019-10-02,-0.015035723943749746
2019-10-03,0.006299867562869377
2019-10-04,0.01059482633836395
2019-10-07,0.0014294955727569558
2019-10-08,-0.033547451588149535
2019-10-09,0.014032519030189095
2019-10-10,0.0021850402754282072
2019-10-11,0.015746141762700283
2019-10-14,0.007870291900006654
2019-10-15,0.021060015935670418
2019-10-16,-0.008111270447966668
2019-10-17,0.0018925337275919052
2019-10-18,-0.022177580942959407
2019-10-21,0.011447534389905423
2019-10-22,-0.01131797152168701
2019-10-23,-0.0040544156628250505
2019-10-24,0.021312362227006387
2019-10-25,0.020398506167520702
2019-10-28,0.025735335880334276
2019-10-29,-0.007168533404871336
2019-10-30,0.001128201348291169
2019-10-31,-0.0031553681904659125
2019-11-01,0.022609226243913483
2019-11-04,0.0055272502917869115
2019-11-05,-0.0019790184736218075
2019-11-06,-0.0037451809646557033
2019-11-07,-0.0002210969329010659
2019-11-08,0.014156132278446698
2019-11-11,0.010250754860933409
2019-11-12,0.007124467022551428
2019-11-13,-0.006002216442982045
2019-11-14,0.004097511598827097
2019-11-15,0.01804120186679059
2019-11-18,0.0
2019-11-19,0.02215181450521153
2019-11-20,-0.0004127959394658598
2019-11-21,-0.0057814480821928305
2019-11-22,0.0056074247432247315
2019-11-25,0.025815852624597513
2019-11-26,0.006643796633576171
2019-11-27,0.004600109914760786
2019-11-29,0.003981676258147049
2019-12-02,-0.02914945364968502
2019-12-03,0.0026552642141774996
2019-12-04,0.0020369903395225375
2019-12-05,-0.004675698444263965
2019-12-06,0.010212560883630761
2019-12-09,-0.008289630261860248
2019-12-10,0.0042813777684749255
2019-12-11,-0.005887078029917059
2019-12-12,0.008780828501555815
2019-12-13,-0.0060728628254331785
2019-12-16,0.023014332951079464
2019-12-17,-0.0009954584325044813
2019-12-18,0.007174158841579681
2019-12-19,0.006529429698450606
2019-12-20,0.0017692511504758812
2019-12-23,0.012362652180658129
2019-12-24,0.004458104633219717
2019-12-26,-0.0009647621778424709
2019-12-27,-0.008511337219739845
2019-12-30,-0.02737563889512129
2019-12-31,0.00623233582002003
2020-01-02,0.00899100380017992
2020-01-03,-0.007326801305282071
2020-01-06,0.007779862999959475
2020-01-07,0.012272224913054908
2020-01-08,0.022487459410281074
2020-01-09,0.0011473557955143932
2020-01-10,-0.007258760690692534
2020-01-13,0.02058873324674293
2020-01-14,0.004147805800108317
2020-01-15,0.003191906891371721
2020-01-16,0.01085529913393457
2020-01-17,-0.006295166164795085
2020-01-21,-0.00149052140130157
2020-01-22,0.0046649978474953
2020-01-23,-0.0007429075238579719
2020-01-24,-0.01858737502499319
2020-01-27,-0.017992464594812074
2020-01-28,0.018707872917417934
2020-01-29,0.0005679216120468844
2020-01-30,0.0018922460558077336
2020-01-31,-0.02171861433075073
2020-02-03,0.04169880216705146
2020-02-04,0.04373603802331116
2020-02-05,-0.014204445280268874
2020-02-06,0.01170739129854681
2020-02-07,-0.00587497730653308
2020-02-10,0.018803785496972703
2020-02-11,0.01581999416536939
2020-02-12,0.009344185393220128
2020-02-13,0.007371759904913677
2020-02-14,-0.0011912815225227913
2020-02-18,0.008008259556204544
2020-02-19,0.0204529390780408
2020-02-20,-0.007950925745649373
2020-02-21,-0.02137250866685103
2020-02-24,-0.04419042189473288
2020-02-25,-0.03427349683695102
2020-02-26,-0.01035115710524781
2020-02-27,-0.034180061946992524
2020-02-28,0.021852632368221547
2020-03-02,0.023467096989245873
2020-03-03,-0.02015542531758774
2020-03-04,0.033968805551271686
2020-03-05,-0.023361989733174715
2020-03-06,-0.02616329502540915
2020-03-09,-0.08309353820854115
2020-03-10,0.04750949885670663
2020-03-11,-0.06213786300300028
2020-03-12,-0.1259054057445831
2020-03-13,0.0455763745510005
2020-03-16,-0.15571096787182748
2020-03-17,0.055494150557464206
2020-03-18,-0.09259730893876472
2020-03-19,0.08993936185981943
2020-03-20,0.0010578719859219987
2020-03-23,0.013210102614766184
2020-03-24,0.09908736752424097
2020-03-25,0.0389086252609816
2020-03-26,0.049783125192786715
2020-03-27,-0.048074928556612107
2020-03-30,0.01919562099136396
2020-03-31,-0.013452908063166236
2020-04-01,-0.0854544244770955
2020-04-02,0.006212556482904752
2020-04-03,-0.007162148603708451
2020-04-06,0.09900502145119261
2020-04-07,0.0009053448613853821
2020-04-08,0.040479296282194266
2020-04-09,0.027820203087679518
2020-04-13,0.011841775153086154
2020-04-14,0.05287351078118774
2020-04-15,-0.016276208121538738
2020-04-16,0.02098456193215359
2020-04-17,0.03280631746232476
2020-04-20,0.010332960413327541
2020-04-21,-0.04147719135820205
2020-04-22,0.03576359387241701
2020-04-23,-0.007821398031676474
2020-04-24,0.020188413882636924
2020-04-27,0.04862420176314619
2020-04-28,-0.02857663268487154
2020-04-29,0.047733658881390806
2020-04-30,-0.0229560406811965
2020-05-01,-0.05331645922268757
2020-05-04,0.036846159129303224
2020-05-05,0.013809530788363444
2020-05-06,0.004903781808152541
2020-05-07,0.022953101347782834
2020-05-08,0.030035368160524323
2020-05-11,0.02367068425637875
2020-05-12,-0.025469173503016918
2020-05-13,-0.03146480003035179
2020-05-14,-0.0014202760920470903
2020-05-15,0.03271106008977043
2020-05-18,0.030814296785309114
2020-05-19,-0.0010019902934534919
2020-05-20,0.03343365920964336
2020-05-21,0.002588102403063175
2020-05-22,0.012584723452555346
2020-05-26,0.0022307733841631094
2020-05-27,-0.006200389383300586
2020-05-28,-0.012158056627202374
2020-05-29,0.017327943024636916
2020-06-01,0.031518695453339074
2020-06-02,0.01234559042882899
2020-06-03,0.004115887555415254
2020-06-04,-0.029148342187327758
2020-06-05,0.00469116246754564
2020-06-08,0.01743195458892477
2020-06-09,0.003671418834091167
2020-06-10,0.01371735299475052
2020-06-11,-0.07427449855918711
2020-06-12,0.013805374162259021
2020-06-15,0.03556554318653715
2020-06-16,0.03171423400461526
2020-06-17,-0.002849032475188862
2020-06-18,0.01699241516057759
2020-06-19,0.005914492773719582
2020-06-22,0.04792009506336359
2020-06-23,0.015570241352448333
2020-06-24,-0.04281772571337383
2020-06-25,0.018470354900142816
2020-06-26,-0.022810953295037018
2020-06-29,0.005654583642887401
2020-06-30,0.028114059176992168
2020-07-01,0.03071114550744869
2020-07-02,0.019591890563239955
2020-07-06,0.03749661387394698
2020-07-07,0.014019210696331497
2020-07-08,0.02384580591797003
2020-07-09,0.0044598980653305365
2020-07-10,-0.002343389236757809
2020-07-13,-0.03399680078936851
2020-07-14,0.008702378611157302
2020-07-15,0.026769947383144865
2020-07-16,-0.014457006798004657
2020-07-17,0.01140912900263591
2020-07-20,0.041651190984409725
2020-07-21,-0.01796977018906387
2020-07-22,0.00012128455045878894
2020-07-23,-0.024960675627712314
2020-07-24,-0.02038024849791087
2020-07-27,0.03983262233046525
2020-07-28,-0.03196303439529069
2020-07-29,0.009073798953638912
2020-07-30,0.004121411112111728
2020-07-31,-0.000373055694686375
2020-08-03,0.041184402609658166
2020-08-04,0.006214095479185167
2020-08-05,0.016745965903262494
2020-08-06,-0.008643930575711223
2020-08-07,-0.02804295449634675
2020-08-10,0.011880273258895402
2020-08-11,-0.022642816248657494
2020-08-12,0.029051202264613663
2020-08-13,0.021560447439574304
2020-08-14,-0.012126853156543493
2020-08-17,0.03434846060275465
2020-08-18,0.010841060107094957
2020-08-19,0.0031609707213864358
2020-08-20,0.0069773641624484295
2020-08-21,0.003911339219967447
2020-08-24,-0.015251033570626626
2020-08-25,0.01175671425987912
2020-08-26,0.021229098388045653
2020-08-27,-0.006892792473773834
2020-08-28,0.017516843469338905
2020-08-31,0.03215674228607379
2020-09-01,0.01972100270254451
2020-09-02,-0.002468847960667042
2020-09-03,-0.07383728405066814
2020-09-04,-0.030731561313293243
2020-09-08,-0.04537631525272656
2020-09-09,0.04187735026066308
2020-09-10,-0.00854699765556255
2020-09-11,-0.005708407504959823
2020-09-14,0.043819632438505396
2020-09-15,0.030755511775257816
2020-09-16,-0.002069148042389113
2020-09-17,-0.025534653576885336
2020-09-18,0.006494945409647679
2020-09-21,0.007788216213002963
2020-09-22,0.012475025023914732
2020-09-23,-0.04099878727134165
2020-09-24,-0.0005684448249209106
2020-09-25,0.032423190749807373
2020-09-28,0.010688740189809032
2020-09-29,0.011447792585797867
2020-09-30,-0.008299934589998226
2020-10-01,0.02760858693970647
2020-10-02,-0.023482095030701422
2020-10-05,0.03866980560229849
2020-10-06,-0.002294250533867781
2020-10-07,0.037002223743011875
2020-10-08,0.013708213338607722
2020-10-09,0.021775991839311892
2020-10-12,-0.004184571466215092
2020-10-13,0.024430723999888437
2020-10-14,-0.010111609064191063
2020-10-15,-0.009058434378352853
2020-10-16,-0.0006806939276844393
2020-10-19,-0.004963124925850715
2020-10-20,-0.013887482321568223
2020-10-21,-0.028562927258258153
2020-10-22,0.006431865454993968
2020-10-23,0.006086423763977056
2020-10-26,-0.019963706829752348
2020-10-27,0.01471180689472451
2020-10-28,-0.03933875567846101
2020-10-29,0.013086918728709263
2020-10-30,-0.054172255861152485
2020-11-02,0.00011023681645805361
2020-11-03,0.025991149740468567
2020-11-04,0.046693832112805644
2020-11-05,0.03394514156847728
2020-11-06,0.012497545607920157
2020-11-09,-0.04555248486136099
2020-11-10,-0.027404259600893766
2020-11-11,0.04189532982840993
2020-11-12,0.0016205857735509532
2020-11-13,0.005157274314062876
2020-11-16,0.0014084445626627584
2020-11-17,0.01697811015306039
2020-11-18,-0.0020746694152468104
2020-11-19,0.02217396832925478
2020-11-20,0.015882224950856783
2020-11-23,0.02402285067264831
2020-11-24,-0.011915803877502018
2020-11-25,0.022046385980407868
2020-11-27,0.03042026321507474
2020-11-30,0.00527821770562964
2020-12-01,0.003470717569402204
2020-12-02,-0.0037247789775308737
2020-12-03,0.017269132030660606
2020-12-04,0.025463716243813828
2020-12-07,0.029780632142346608
2020-12-08,0.012346756896449929
2020-12-09,-0.01792580544886535
2020-12-10,0.04350714705099379
2020-12-11,-0.010622926731597149
2020-12-14,0.0030677008930872773
2020-12-15,0.0004024354160925281
2020-12-16,-0.002815724488599125
2020-12-17,0.01710360558372037
2020-12-18,0.009756554341063373
2020-12-21,0.031736033440614264
2020-12-22,0.028247384823636867
2020-12-23,-0.0006665127692455641
2020-12-24,-0.014300517578021199
2020-12-28,-0.024280314182586804
2020-12-29,-0.026894989624949406
2020-12-30,0.022361671752211265
2020-12-31,-0.020535035905234866
2021-01-04,0.001606572185559374
2021-01-05,0.024621093834561902
2021-01-06,0.003678706208624982
2021-01-07,0.07915479389419455
2021-01-08,0.029628400628907814
2021-01-11,-0.02989890486347835
2021-01-12,0.020040606470772326
2021-01-13,0.005177549136433202
2021-01-14,0.025120064241511697
2021-01-15,-0.023196662555975633
2021-01-19,0.029737289093499708
2021-01-20,0.006706296649059862
2021-01-21,-0.01563464886972188
2021-01-22,0.008770167866971379
2021-01-25,0.004038833631743177
2021-01-26,-0.03299913312148606
2021-01-27,-0.02453640740540619
2021-01-28,0.014600555196057075
2021-01-29,-0.020873397511168457
2021-02-01,0.037689045705068924
2021-02-02,0.029939824056911313
2021-02-03,-0.005310074334704096
2021-02-04,0.015330974716393664
2021-02-05,0.007482242066718436
2021-02-08,0.02575940677947619
2021-02-09,0.010566813176116296
2021-02-10,-0.011811776170120858
2021-02-11,0.009601582798516084
2021-02-12,0.013003794412627778
2021-02-16,-0.009324383220013721
2021-02-17,-0.019017504600815638
2021-02-18,-0.01958334420753194
2021-02-19,0.022923751301853645
2021-02-22,-0.05785983553773488
2021-02-23,-0.03296703889529906
2021-02-24,-0.005178310408312403
2021-02-25,-0.06369294096232347
2021-02-26,0.006563255829107328
2021-03-01,0.04863444949395124
2021-03-02,-0.023335869289898836
2021-03-03,-0.06291651203177584
2021-03-04,-0.05339297263570553
2021-03-05,-0.011483635212359511
2021-03-08,-0.05817027743696679
2021-03-09,0.10420814686224533
2021-03-10,-0.004599511940535872
2021-03-11,0.061803662664939196
2021-03-12,-0.015542359297422648
2021-03-15,0.017366658743591223
2021-03-16,-0.02219127420342537
2021-03-17,0.01142675869295351
2021-03-18,-0.05797894940801218
2021-03-19,0.01907220460757486
2021-03-22,0.019287367706001257
2021-03-23,-0.02421428425722627
2021-03-24,-0.05686111448551756
2021-03-25,-0.0031364013599001206
2021-03-26,-0.003932836654105376
2021-03-29,-0.02456792916341355
2021-03-30,0.029234525852093407
2021-03-31,0.04833067472264907
2021-04-01,0.007503110695762594
2021-04-05,0.006537052249628417
2021-04-06,0.018003965880698303
2021-04-07,-0.024307515185150175
2021-04-08,0.027478870481589368
2021-04-09,-0.007088722625329114
2021-04-12,-0.006409238264077466
2021-04-13,0.04156112560970193
2021-04-14,-0.021088086499560288
2021-04-15,0.01401461858076658
2021-04-16,-0.017690796920200036
2021-04-19,-0.031677057870974745
2021-04-20,-0.011956161300047174
2021-04-21,0.023697507265882045
2021-04-22,-0.0033656418138032773
2021-04-23,0.018861704577797456
2021-04-26,0.0325788742683184
2021-04-27,-0.01166534172671807
2021-04-28,-0.0068124027092563155
2021-04-29,-0.028872139778913453
2021-04-30,-0.008130852474996564
2021-05-03,-0.031961574049959696
2021-05-04,-0.030963960888131137
2021-05-05,-0.015358808907858568
2021-05-06,-0.02877634960867581
2021-05-07,0.012737708449629404
2021-05-10,-0.05231494854405272
2021-05-11,0.020580841696270946
2021-05-12,-0.03731621088029691
2021-05-13,-0.02623333856711907
2021-05-14,0.048552391008380935
2021-05-17,-0.009586838093129102
2021-05-18,0.014325821037266984
2021-05-19,-0.017368073081792446
2021-05-20,0.03515583834384306
2021-05-21,-0.0070363294451463165
2021-05-24,0.027305499860647675
2021-05-25,0.005978086247662162
2021-05-26,0.018741972578555366
2021-05-27,0.0076281030216085455
2021-05-28,-0.001603117865983883
2021-06-01,-0.007582511228634625
2021-06-02,0.0004494256366858185
2021-06-03,-0.034770935265576175
2021-06-04,0.019361510995243192
2021-06-07,0.029038439417883977
2021-06-08,0.0039044902463800657
2021-06-09,-0.0024749870193108148
2021-06-10,0.01878599595890562
2021-06-11,0.010002599453379446
2021-06-14,0.019032024682496207
2021-06-15,-0.027381087382739255
2021-06-16,-0.004865675321376495
2021-06-17,0.034663357538433415
2021-06-18,0.003375498537157462
2021-06-21,0.005130401064230128
2021-06-22,0.012634884206946362
2021-06-23,0.020740422554728077
2021-06-24,0.014166579753914554
2021-06-25,0.0016762478942422554
2021-06-28,0.03777187959692241
2021-06-29,0.004991268466656873
2021-06-30,-0.0007641558176176844
2021-07-01,-0.012387142400627105
2021-07-02,-0.007819827954656855
2021-07-06,-0.007101024788278121
2021-07-07,-0.023420287890221547
2021-07-08,-0.0076452959220406624
2021-07-09,0.01873330444422039
2021-07-12,-0.0070052681063486055
2021-07-13,-0.019801168143375847
2021-07-14,-0.03353242419872915
2021-07-15,-0.014978371044222727
2021-07-16,0.0011168339596421273
2021-07-19,0.006436130887763847
2021-07-20,0.029672635739304454
2021-07-21,0.015733695852895746
2021-07-22,-0.007745022217978348
2021-07-23,0.00591563779451687
2021-07-26,-0.00677934703470251
2021-07-27,-0.024506557649975003
2021-07-28,0.02301463984832708
2021-07-29,0.002060162945331845
2021-07-30,-0.013157846057085809
2021-08-02,0.009333304806534937
2021-08-03,-0.00743063165204072
2021-08-04,0.025453320288355563
2021-08-05,0.01857553388128208
2021-08-06,-0.02038694822192144
2021-08-09,0.013738600796411093
2021-08-10,-0.026142623656042363
2021-08-11,-0.0011528770541889832
2021-08-12,0.004534213881915106
2021-08-13,-0.014361964642565228
2021-08-16,-0.0259782465768571
2021-08-17,-0.009317915929228149
2021-08-18,-0.000431498493135285
2021-08-19,-0.017178803802656017
2021-08-20,0.01712786633993635
2021-08-23,0.03177887000335056
2021-08-24,0.013224016527878302
2021-08-25,-0.00024789376794165374
2021-08-26,-0.015450642456562802
2021-08-27,0.024085214571004876
2021-08-30,0.006227980758614526
2021-08-31,-0.006189433088433116
2021-09-01,0.013849060803695634
2021-09-02,0.008971922258136367
2021-09-03,0.001922573376363479
2021-09-07,-0.0028783572798494195
2021-09-08,-0.02838594425211549
2021-09-09,0.004456629226372133
2021-09-10,-0.010270346125736518
2021-09-13,-0.019010521285163118
2021-09-14,-0.011085598784002615
2021-09-15,0.008214913925800982
2021-09-16,0.006365662067894462
2021-09-17,0.024711130207152987
2021-09-20,-0.044115256822906845
2021-09-21,0.00861032457552291
2021-09-22,0.008280696652275932
2021-09-23,0.010413952904043233
2021-09-24,-0.018518508889594054
2021-09-27,-0.0008537284164881198
2021-09-28,-0.041784197155222524
2021-09-29,-0.021580091484747155
2021-09-30,0.007382419480742142
2021-10-01,0.005790275682835189
2021-10-04,-0.035800959739086924
2021-10-05,0.017259023271908758
2021-10-06,0.008253834340008481
2021-10-07,0.024195030556599884
2021-10-08,-0.01776204366830758
2021-10-11,-0.0032550082579713147
2021-10-12,0.013606719194468875
2021-10-13,0.015124404038533212
2021-10-14,0.018954438940784524
2021-10-15,0.0019034976870664355
2021-10-18,0.01079443892883769
2021-10-19,0.02178548263583968
2021-10-20,-0.00752506832039046
2021-10-21,0.008087703831955562
2021-10-22,-0.015961950862899532
2021-10-25,0.0344797761692206
2021-10-26,-0.005007710366085272
2021-10-27,-0.02079204809612667
2021-10-28,0.026036338054569397
2021-10-29,-0.004024007347716463
2021-11-01,0.03166229359777861
2021-11-02,-0.016224430086787978
2021-11-03,0.012592438462264655
2021-11-04,-0.002005782797949718
2021-11-05,-0.016882413063897372
2021-11-08,0.009076835713053955
2021-11-09,-0.02293356166282179
2021-11-10,-0.033424558515558034
2021-11-11,0.0068645369772037945
2021-11-12,0.009800636506268612
2021-11-15,-0.008101971713044609
2021-11-16,0.01182671434495064
2021-11-17,-0.01849977243070744
2021-11-18,-0.024845821324786632
2021-11-19,-0.005095718410770944
2021-11-22,-0.04194636883156588
2021-11-23,-0.0233200716583728
2021-11-24,0.0170818648616895
2021-11-26,-0.00603126680569932
2021-11-29,-0.0018671575274593621
2021-11-30,-0.011503853854518353
2021-12-01,-0.06708302460836457
2021-12-02,0.004259641797699665
2021-12-03,-0.05544337837610247
2021-12-06,0.015182335309080308
2021-12-07,0.05434440928476847
2021-12-08,0.031065795935115714
2021-12-09,-0.05318732437527307
2021-12-10,-0.015962438482681862
2021-12-13,-0.017364969639270034
2021-12-14,-0.011428694782628757
2021-12-15,0.02151578348863281
2021-12-16,-0.03730474863447897
2021-12-17,0.058016692034894346
2021-12-20,-0.025411499170003182
2021-12-21,0.03842500405103344
2021-12-22,-0.0011182589161278234
2021-12-23,0.008243426584064073
2021-12-27,-0.01675573720679202
2021-12-28,-0.01827335525270679
2021-12-29,-0.010722474329554421
2021-12-30,0.03058720396970771
2021-12-31,-0.02182010069824325
2022-01-03,0.025372661035201638
2022-01-04,-0.04433438498014841
2022-01-05,-0.07088145898674703
2022-01-06,-0.006270277706314498
2022-01-07,-0.013554658885310045
2022-01-10,0.002606077506155602
2022-01-11,0.027646525987854442
2022-01-12,-0.027822595267261274
2022-01-13,-0.0541626659490394
2022-01-14,0.003250826196751655
2022-01-18,-0.041500423144990695
2022-01-19,-0.015082663724026668
2022-01-20,0.0015842040666891322
2022-01-21,-0.0573349675893291
2022-01-24,0.0282438911893379
2022-01-25,-0.03725864371829268
2022-01-26,-0.02500004074694029
2022-01-27,-0.03911338666181663
2022-01-28,0.03889644505357692
2022-01-31,0.0946161348273864
2022-02-01,0.021874578339659445
2022-02-02,-0.05111568287700674
2022-02-03,-0.05605692962588704
2022-02-04,0.05373694364593562
2022-02-07,-0.0037112621939696666
2022-02-08,-0.0012417310361114708
2022-02-09,0.05138830409829054
2022-02-10,-0.03087640110089762
2022-02-11,-0.025216864281878304
2022-02-14,-0.007093201765179469
2022-02-15,0.054489421043772523
2022-02-16,-0.03201382536655539
2022-02-17,-0.06436115292930278
2022-02-18,-0.04957463275072249
2022-02-22,-0.021759320487728107
2022-02-23,-0.03959612785756972
2022-02-24,0.07785810999075649
2022-02-25,0.033526311494936456
2022-02-28,0.039074019647266756
2022-03-01,-0.030651350198013128
2022-03-02,-0.010979365334099156
2022-03-03,-0.06364717813195742
2022-03-04,-0.0478975191095794
2022-03-07,-0.03619456590080239
2022-03-08,0.009819105968764896
2022-03-09,0.052712361277561515
2022-03-10,-0.03516444350032155
2022-03-11,-0.06650988612802333
2022-03-14,-0.05919398499237827
2022-03-15,0.04016062218587324
2022-03-16,0.10387942477860457
2022-03-17,0.048134563823959864
2022-03-18,0.045129423212805664
2022-03-21,-0.027216013465422018
2022-03-22,0.04673336918921578
2022-03-23,-0.019411642873282453
2022-03-24,0.011116165339414286
2022-03-25,-0.0284638354953739
2022-03-28,0.03952873053445338
2022-03-29,0.0645690771699865
2022-03-30,-0.03796046870645797
2022-03-31,-0.03479916317663556
2022-04-01,0.018856551527411503
2022-04-04,0.04382585384122617
2022-04-05,-0.05702123099714229
2022-04-06,-0.04632968882950683
2022-04-07,-0.011671977056350036
2022-04-08,-0.032077853978180304
2022-04-11,-0.013355289840802587
2022-04-12,0.0
2022-04-13,0.03158420140702334
2022-04-14,-0.04438685720719859
2022-04-18,-0.027801362482659187
2022-04-19,0.040453361166828294
2022-04-20,-0.05932626551642206
2022-04-21,-0.049705998529101736
2022-04-22,-0.016497955738729142
2022-04-25,0.03602742358615241
2022-04-26,-0.06752527497601324
2022-04-27,-0.022099451287746374
2022-04-28,-0.013922569792329531
2022-04-29,-0.03560459059526
2022-05-02,0.06365367787016396
2022-05-03,-0.005186536612180381
2022-05-04,0.05133353310201816
2022-05-05,-0.08926187337928215
2022-05-06,-0.04439792112791463
2022-05-09,-0.09861930228688276
2022-05-10,-0.0012156770434554875
2022-05-11,-0.10102241538424661
2022-05-12,0.055781286519983375
2022-05-13,0.11823527328428995
2022-05-16,-0.059174256321997465
2022-05-17,0.050219477131402845
2022-05-18,-0.04433621791895537
2022-05-19,0.045178523629137324
2022-05-20,-0.014408550822579524
2022-05-23,-0.006366379984717341
2022-05-24,-0.0695301177083556
2022-05-25,0.046416726172648914
2022-05-26,0.0389958233994816
2022-05-27,0.06521230703154535
2022-05-31,-0.029068477641316925
2022-06-01,-0.03606263470750071
2022-06-02,0.07364711634284915
2022-06-03,-0.05413110912880026
2022-06-06,0.007646055360709836
2022-06-07,0.029661915649170645
2022-06-08,0.0270210118472205
2022-06-09,-0.06066531178696
2022-06-10,-0.07152783151070741
2022-06-13,-0.08800790898718991
2022-06-14,0.011208299714918546
2022-06-15,0.0656932917534403
2022-06-16,-0.06189741523599113
2022-06-17,0.04921578708843355
2022-06-21,0.04381443835534693
2022-06-22,0.0150617027868305
2022-06-23,0.07102890291531105
2022-06-24,0.040881260824046306
2022-06-27,-0.022474351626181166
2022-06-28,-0.058705401720867245
2022-06-29,-0.015650931969471316
2022-06-30,-0.03926758940312536
2022-07-01,0.03360083689587334
2022-07-05,0.09097520997405328
2022-07-06,-0.0224594508273549
2022-07-07,0.0652866534634613
2022-07-08,0.0006405923643590938
2022-07-11,-0.06914214755171122
2022-07-12,0.01604767698758014
2022-07-13,-0.0069946274685867005
2022-07-14,-0.020677118876346712
2022-07-15,0.023434001269795113
2022-07-18,-0.0031739166263717866
2022-07-19,0.04161921586459716
2022-07-20,0.05065502814210232
2022-07-21,0.017456383222527627
2022-07-22,-0.055351266382928865
2022-07-25,-0.012972930624823964
2022-07-26,-0.04775470769971224
2022-07-27,0.06694274476491335
2022-07-28,-0.004312189409571343
2022-07-29,-0.022737144944249277
2022-08-01,0.012408556931859716
2022-08-02,0.026701725567370937
2022-08-03,0.06075462300869661
2022-08-04,0.008239542413583711
2022-08-05,-0.001993254919808285
2022-08-08,0.014579637842542681
2022-08-09,-0.054527627604411766
2022-08-10,0.07370398071090234
2022-08-11,-0.031995336151671716
2022-08-12,0.041866948004445126
2022-08-15,0.0034608988175213184
2022-08-16,-0.027783029050631014
2022-08-17,-0.05340964697989381
2022-08-18,-0.011034674743139461
2022-08-19,-0.059157963901586674
2022-08-22,-0.02416640271571102
2022-08-23,-0.005503395046565163
2022-08-24,0.026054903738770063
2022-08-25,0.02876403814529005
2022-08-26,-0.0642201857987611
2022-08-29,-0.016573219967200514
2022-08-30,-0.005221960482554966
2022-08-31,-0.0007157943196823835
2022-09-01,-0.003820426718408987
2022-09-02,-0.027085356124494586
2022-09-06,-0.012318311818521277
2022-09-07,0.03442258006576582
2022-09-08,0.029659966391493153
2022-09-09,0.04449638585604565
2022-09-12,0.024215341853959904
2022-09-13,-0.06786338519751722
2022-09-14,0.02747762103862672
2022-09-15,0.02194287416421914
2022-09-16,-0.04764030173303779
2022-09-19,-0.0021136840036091176
2022-09-20,-0.024711728934761812
2022-09-21,-0.026544361719082366
2022-09-22,-0.04288554693973523
2022-09-23,-0.020201905482618576
2022-09-26,-0.010573685289927526
2022-09-27,0.020838882668153147
2022-09-28,0.046584663463488996
2022-09-29,-0.05476368147001176
2022-09-30,-0.0018519221413222375
2022-10-03,0.004505811464051712
2022-10-04,0.0762532749895084
2022-10-05,-0.018386869997071953
2022-10-06,0.003246670591952494
2022-10-07,-0.06572066934470167
2022-10-10,-0.032773752873993756
2022-10-11,-0.017906304707483445
2022-10-12,0.013183660711174161
2022-10-13,-0.0022147258556597382
2022-10-14,-0.0568812950062596
2022-10-17,0.07031476773986856
2022-10-18,0.016217729033685124
2022-10-19,-0.043007782396296323
2022-10-20,-0.0036745160278175426
2022-10-21,0.017872474342404798
2022-10-24,-0.01254189834533559
2022-10-25,0.06717476514893583
2022-10-26,0.002115835427923596
2022-10-27,-0.0005278927890353113
2022-10-28,0.02693421267134477
2022-10-31,-0.015685240829794056
2022-11-01,0.0002612573007598762
2022-11-02,-0.04831555657129083
2022-11-03,-0.006586042631043454
2022-11-04,-0.027071787159156036
2022-11-07,-0.006530440623174094
2022-11-08,-0.004001185064016033
2022-11-09,-0.06542325200068255
2022-11-10,0.14522570234852128
2022-11-11,0.0831099074063284
2022-11-14,-0.036881187741739874
2022-11-15,0.02724241423693563
2022-11-16,-0.051538724704041416
2022-11-17,-0.020838837771178564
2022-11-18,-0.015086158434610808
2022-11-21,-0.03719910861101916
2022-11-22,0.003124962436415135
2022-11-23,0.02860383842822678
2022-11-25,-0.008810649667460035
2022-11-28,-0.028055492337428767
2022-11-29,-0.005430187582002199
2022-11-30,0.07701157899402444
2022-12-01,0.011205991033359952
2022-12-02,0.006860084937864608
2022-12-05,-0.05476934136961209
2022-12-06,-0.04019971998423
2022-12-07,-0.007798907666279664
2022-12-08,0.02358085008460087
2022-12-09,-0.014505153898186296
2022-12-12,0.019047612704166106
2022-12-13,-0.000566355477988667
2022-12-14,-0.010201265501036172
2022-12-15,-0.048954977867968985
2022-12-16,0.0012039741568186102
2022-12-19,-0.031268691894662526
2022-12-20,-0.0015519156031059689
2022-12-21,0.01678589118270657
2022-12-22,-0.03393455404107104
2022-12-23,-0.019936795493544546
2022-12-27,-0.0384241897252936
2022-12-28,-0.004701190803867883
2022-12-29,0.05161942794435892
2022-12-30,0.002245772694015269
2023-01-03,-0.024968031416786163
2023-01-04,0.043335571869904665
2023-01-05,-0.02391439394604178
2023-01-06,0.011283037121807782
2023-01-09,0.045903763039222056
2023-01-10,0.024687542791115513
2023-01-11,0.03390833450414332
2023-01-12,0.021001221676795634
2023-01-13,0.01408848362815851
2023-01-17,0.029174701606824227
2023-01-18,-0.029427577014602524
2023-01-19,-0.032267038385505376
2023-01-20,0.0491519764366648
2023-01-23,0.04328779555697371
2023-01-24,-0.015756351010683844
2023-01-25,0.0008002959802009268
2023-01-26,0.02026140486580119
2023-01-27,0.05539578960318314
2023-01-30,-0.04654621565757722
2023-01-31,0.03687367211201242
2023-02-01,0.04407708589173365
2023-02-02,0.06524343599646176
2023-02-03,-0.035127196878929845
2023-02-06,-0.01423568206901904
2023-02-07,0.017518927493630043
2023-02-08,-0.02885062345161815
2023-02-09,-0.029707709388804626
2023-02-10,-0.033333295343100255
2023-02-13,0.017113584078686905
2023-02-14,0.02511302386981451
2023-02-15,0.058794705798431934
2023-02-16,-0.027764922452126917
2023-02-17,-0.003807698240189117
2023-02-21,-0.060917305615419304
2023-02-22,0.024421186202933987
2023-02-23,-0.015147727716669057
2023-02-24,-0.03076151805096128
2023-02-27,0.009885554278388442
2023-02-28,0.02060796677692278
2023-03-01,-0.023220617222331597
2023-03-02,0.012403160102832045
2023-03-03,0.03266962200714829
2023-03-06,-0.020761179553747677
2023-03-07,-0.016658247771436097
2023-03-08,-0.0012833880575898737
2023-03-09,-0.04163455473987854
2023-03-10,-0.03405735561992429
2023-03-13,0.026651880059758604
2023-03-14,0.021362906880626253
2023-03-15,0.007942734748181302
2023-03-16,0.030732989265737753
2023-03-17,-0.014271202347351908
2023-03-20,-0.011892461574169788
2023-03-21,0.05546836103703634
2023-03-22,-0.04833922070105667
2023-03-23,-0.01536851162951014
2023-03-24,-0.0018519221413222375
2023-03-27,0.0007950952238418019
2023-03-28,-0.015095316780498358
2023-03-29,0.03764461523042706
2023-03-30,-0.0028505448509777986
2023-03-31,0.0483368936221682
2023-04-03,-0.01883989455563262
2023-04-04,-0.005305716976856001
2023-04-05,-0.03556005330207401
2023-04-06,0.015801897281234822
2023-04-10,-0.0010370721117656245
2023-04-11,0.006228992312867332
2023-04-12,-0.0288883196233376
2023-04-13,0.04010618618073747
2023-04-14,-0.009448410681671349
2023-04-17,0.004640405740989895
2023-04-18,-0.002052953142348879
2023-04-19,-0.0007713793437686967
2023-04-20,-0.037828053420777
2023-04-21,0.006418807598006504
2023-04-24,-0.013553048889126895
2023-04-25,-0.03259690395213499
2023-04-26,-0.019214666914745715
2023-04-27,0.01362857470498624
2023-04-28,0.0061623908619825585
2023-05-01,-0.005011066216107918
2023-05-02,-0.023503108258622896
2023-05-03,-0.004011503383001047
2023-05-04,0.028193401174757327
2023-05-05,0.04616674291885192
2023-05-08,0.011500337894245538
2023-05-09,0.011369685544134978
2023-05-10,0.014117651554553579
2023-05-11,0.0018045581604098082
2023-05-12,-0.030365366114927572
2023-05-15,0.023619905899310734
2023-05-16,-0.02463053745048005
2023-05-17,0.0255184636121768
2023-05-18,0.013996792979050765
2023-05-19,-0.010736210645652444
2023-05-22,0.048578853232734254
2023-05-23,-0.021685583261136232
2023-05-24,-0.006045320428433532
2023-05-25,-0.0273694961918467
2023-05-26,0.018759709609452946
2023-05-30,0.018158681876290883
2023-05-31,0.017081078866615584
2023-06-01,0.015312420497677115
2023-06-02,0.012405676967725432
2023-06-05,0.01057189917297241
2023-06-06,0.014740844279032439
2023-06-07,-0.010075011475094708
2023-06-08,0.01017755041228674
2023-06-09,-0.003983139879714548
2023-06-12,0.018113349113289212
2023-06-13,0.02333645047696553
2023-06-14,-0.004967288587351626
2023-06-15,0.010664882625542882
2023-06-16,-0.005163859306467233
2023-06-20,-0.001128518264200018
2023-06-21,-0.03614999482902315
2023-06-22,0.00023443341815920782
2023-06-23,-0.012420887124319435
2023-06-26,-0.005695282921216238
2023-06-27,0.03389015025078512
2023-06-28,0.01985233196530012
2023-06-29,-0.008827560243651833
2023-06-30,0.007992732474129793
2023-07-03,0.02220205529529684
2023-07-05,-0.0035460878030981746
2023-07-06,-0.03825618893898741
2023-07-07,0.011332084848126867
2023-07-10,0.03750282353090184
2023-07-11,0.03702883840617255
2023-07-12,0.009139245591615941
2023-07-13,0.04528221912913466
2023-07-14,-0.021358019208685186
2023-07-17,0.02285359807973797
2023-07-18,0.003623215336492347
2023-07-19,0.015844370130337015
2023-07-20,-0.05705830224798003
2023-07-21,0.0035594726542522714
2023-07-24,-0.010849119973112109
2023-07-25,-0.0029529944330655145
2023-07-26,0.021366568536009822
2023-07-27,-0.029204566449640423
2023-07-28,0.05483243917883751
2023-07-31,0.020428912477471473
2023-08-01,-0.019821616431258127
2023-08-02,-0.055814003416044033
2023-08-03,-0.0107089378125651
2023-08-04,-0.017536227490955403
2023-08-07,-0.0050682743015081355
2023-08-08,-0.005315682263707933
2023-08-09,-0.036072070482544016
2023-08-10,-0.007161050100161215
2023-08-11,-0.005351375839220518
2023-08-14,0.003976617889903666
2023-08-15,-0.01747438175979321
2023-08-16,-0.022053544495890365
2023-08-17,-0.024248316731651953
2023-08-18,0.003479161735854719
2023-08-21,0.017830550614055696
2023-08-22,-0.0021897973487523537
2023-08-23,0.023165077616333463
2023-08-24,-0.03550991851739538
2023-08-25,0.012354837455683665
2023-08-28,0.0026848590268280237
2023-08-29,0.05428430923102745
2023-08-30,0.006926828540455565
2023-08-31,0.003210218224453776
2023-09-01,-0.0029714409506008677
2023-09-05,0.008940801996729197
2023-09-06,0.003635613260317472
2023-09-07,-0.003622443456851032
2023-09-08,0.0007790911989438154
2023-09-11,0.021062228995367027
2023-09-12,-0.013228703425410049
2023-09-13,-0.013178778424848048
2023-09-14,0.004144607504281472
2023-09-15,-0.012611768616439645
2023-09-18,-0.024384649750826548
2023-09-19,-0.011901928587883637
2023-09-20,-0.017586113508890278
2023-09-21,-0.030407010811364987
2023-09-22,-0.01820943864521718
2023-09-25,-0.0005152101473699933
2023-09-26,-0.009536055132994825
2023-09-27,0.006505334322527423
2023-09-28,0.011375352203658373
2023-09-29,0.014059285584802739
2023-10-02,-0.015880949899088947
2023-10-03,-0.027407778425503238
2023-10-04,0.014748420874119317
2023-10-05,0.00025959347384785225
2023-10-06,0.017384487624009903
2023-10-09,0.003825593710312214
2023-10-10,0.021087347649561217
2023-10-11,-0.0072156534147616025
2023-10-12,-0.03558902078541459
2023-10-13,-0.01845111987835002
2023-10-16,0.020121745097225308
2023-10-17,0.01687001158765078
2023-10-18,-0.0446656453897174
2023-10-19,-0.021907552448265144
2023-10-20,-0.015842715689294185
2023-10-23,0.002220422807803546
2023-10-24,0.029354681270481242
2023-10-25,-0.052461583112784926
2023-10-26,-0.013060842794619831
2023-10-27,-0.01898733829924415
2023-10-30,0.005571919352150179
2023-10-31,0.02303881290273191
2023-11-01,0.00655642902597342
2023-11-02,0.08411207279794697
2023-11-03,0.05642633010166942
2023-11-06,-0.016567709982631018
2023-11-07,0.028664807053727204
2023-11-08,-0.013933016302865475
2023-11-09,-0.030986613665637486
2023-11-10,0.01637245810054222
2023-11-13,0.004530589158059817
2023-11-14,0.05111503190495803
2023-11-15,0.025268117742925034
2023-11-16,-0.01860030849292138
2023-11-17,0.0352997325464266
2023-11-20,0.02700229484152561
2023-11-21,-0.022504503391111097
2023-11-22,0.010257596851966033
2023-11-24,0.012635410134184122
2023-11-27,0.012700527657276917
2023-11-28,0.027502749813356875
2023-11-29,0.004282671513319736
2023-11-30,-0.016844368652982444
2023-12-01,0.05031445812437019
2023-12-04,0.005368538507017462
2023-12-05,-0.008831388730824563
2023-12-06,-0.004558587104378287
2023-12-07,0.005203996570266378
2023-12-08,0.018430303847069673
2023-12-11,-0.013216785722762525
2023-12-12,-0.003090824540585624
2023-12-13,0.03699869907629605
2023-12-14,0.03687467323774962
2023-12-15,-0.017493268731340383
2023-12-18,-0.0007826436127892356
2023-12-19,0.041315853200708075
2023-12-20,-0.04080485090616637
2023-12-21,0.025485259645833702
2023-12-22,0.013381703878134532
2023-12-26,0.014714254266959603
2023-12-27,0.008737635211123251
2023-12-28,-0.0022115542867081617
2023-12-29,-0.03269302692497067
2024-01-02,-0.035707446439267376
2024-01-03,-0.03920791172745208
2024-01-04,0.008037909850968195
2024-01-05,-0.00020442284940491717
2024-01-08,0.028220801847780086
2024-01-09,-0.015513102590170358
2024-01-10,-0.003030333856139489
2024-01-11,-0.023708170316537158
2024-01-12,-0.016604384225680557
2024-01-16,-0.013085747838854855
2024-01-17,-0.017964075764328347
2024-01-18,-0.005661984579717005
2024-01-19,0.013578601269309987
2024-01-22,0.022688052710743145
2024-01-23,0.001056396262967052
2024-01-24,-0.023216594850577477
2024-01-25,-0.009939479183358024
2024-01-26,0.0021824197902033937
2024-01-29,0.04769169269887508
2024-01-30,-0.02598212396885824
2024-01-31,-0.030943251046803066
2024-02-01,0.013653356836998531
2024-02-02,0.013686749615961169
2024-02-05,-0.031290164793123854
2024-02-06,0.03318584014781445
2024-02-07,0.010064184118361741
2024-02-08,0.02692390305411929
2024-02-09,0.023740742330343734
2024-02-12,0.02278687365675003
2024-02-13,-0.055993692512543713
2024-02-14,0.05472011013862543
2024-02-15,0.022574245339572974
2024-02-16,-0.025367884858192857
2024-02-20,-0.03258500188119973
2024-02-21,-0.02834251986733405
2024-02-22,0.0247304615299766
2024-02-23,-0.0014438881081926258
2024-02-26,0.034497045835703455
2024-02-27,0.029153335285369453
2024-02-28,-0.0073729348344026
2024-02-29,0.0017591898525473049
2024-03-01,-0.0021463533727134054
2024-03-04,-0.008994898122070882
2024-03-05,-0.03512231192932902
2024-03-06,0.015950894784411807
2024-03-07,0.011473423738381783
2024-03-08,0.00995024875621886
2024-03-11,-0.001970413283174266
2024-03-12,-0.007897364537581164
2024-03-13,0.002189066872667844
2024-03-14,-0.03216836600974493
2024-03-15,-0.001641399842011726
2024-03-18,0.002671620808115227
2024-03-19,-0.00573893397704428
2024-03-20,0.03504433769862314
2024-03-21,0.006373226462041082
2024-03-22,-0.022165029862293406
2024-03-25,0.01700061030524136
2024-03-26,-0.004378133745335799
2024-03-27,0.0015990772138054776
2024-03-28,-0.0005986585298639602
2024-04-01,-0.016773165372909515
2024-04-02,-0.029650748363162616
2024-04-03,0.002930083575244824
2024-04-04,-0.013564226544626079
2024-04-05,-0.00317329224510865
2024-04-08,0.020797953405155667
2024-04-09,0.0108108206706794
2024-04-10,-0.023241408437730815
2024-04-11,0.014950496091361343
2024-04-12,-0.03506229076049472
2024-04-15,-0.0457965454802397
2024-04-16,-0.016448840123187702
2024-04-17,-0.014433013656178773
2024-04-18,-0.00255696441611053
2024-04-19,-0.021207174333443657
2024-04-22,0.014285677955264031
2024-04-23,0.029812218386232603
2024-04-24,0.0006838977598500051
2024-04-25,-0.00660594317648
2024-04-26,0.010548018299350037
2024-04-29,0.024052674849814215
2024-04-30,-0.03700425313799627
2024-05-01,0.008283493279690024
2024-05-02,0.02533091323783543
2024-05-03,0.012018716044057909
2024-05-06,0.02265227076413412
2024-05-07,-0.020430123934181754
2024-05-08,-0.024588341397237756
2024-05-09,-0.006076985278170688
2024-05-10,-0.02807974825071169
2024-05-13,0.029123952780231832
2024-05-14,0.021507828895663605
2024-05-15,0.014406062528063757
2024-05-16,-0.017697211387150413
2024-05-17,0.010898614066832124
2024-05-20,0.0033002796185639394
2024-05-21,-0.008771879924703185
2024-05-22,-0.0046459973656646225
2024-05-23,-0.03067350559303783
2024-05-24,0.017656511052212664
2024-05-28,-0.007886486714616558
2024-05-29,-0.012491466098317527
2024-05-30,-0.01586933380803557
2024-05-31,-0.007945785120666238
2024-06-03,0.012485247815580358
2024-06-04,0.005816658973072375
2024-06-05,0.02128156357586186
2024-06-06,0.01381646148521054
2024-06-07,-0.021447701529756724
2024-06-10,0.007990919975227051
2024-06-11,0.00022646254105662678
2024-06-12,0.020833378324762286
2024-06-13,-0.01552796660396849
2024-06-14,-0.011491710769625851
2024-06-17,0.00592665016094851
2024-06-18,-0.0101971618410992
2024-06-20,-0.007097100987297433
2024-06-21,-0.0011528530848956553
2024-06-24,-0.0018466762908814216
2024-06-25,0.0020814095535224286
2024-06-26,0.00576967434653608
2024-06-27,0.00986683048214343
2024-06-28,-0.001363271094795615
2024-07-01,0.01137656408009935
2024-07-02,0.008323935332600785
2024-07-03,0.017626080341508255
2024-07-05,0.007454508836615137
2024-07-08,-0.0013057970031505883
2024-07-09,0.003486595108741719
2024-07-10,-0.0021715195608649207
2024-07-11,-0.0052231049941650065
2024-07-12,0.023627255582719053
2024-07-15,0.01944859648656516
2024-07-16,0.035639428422405084
2024-07-17,-0.019635651634443252
2024-07-18,-0.0384059590879825
2024-07-19,0.0012884125764269783
2024-07-22,0.022088757360144484
2024-07-23,0.002098163542619602
2024-07-24,-0.06386095779415923
2024-07-25,0.010735843258002475
2024-07-26,0.013055989610921914
2024-07-29,0.003276573391844284
2024-07-30,-0.021119120711040273
2024-07-31,0.01267792941350554
2024-08-01,-0.05095540867616177
2024-08-02,-0.04628558302188657
2024-08-05,-0.03931082183632362
2024-08-06,0.015407946653207771
2024-08-07,-0.018159192248307532
2024-08-08,0.04611096119930136
2024-08-09,0.00411717522828603
2024-08-12,-0.013024624395845286
2024-08-13,0.04081138950074448
2024-08-14,-0.015966196354532336
2024-08-15,0.04795987422694581
2024-08-16,0.0038707192789180223
2024-08-19,0.022680879939650067
2024-08-20,-0.012197809607436438
2024-08-21,0.02402334245240656
2024-08-22,-0.02981803534646077
2024-08-23,0.04497178934388235
2024-08-26,-0.01102945756310314
2024-08-27,-0.006778949844613469
2024-08-28,-0.025319193252806405
2024-08-29,0.009261347259376551
2024-08-30,0.0031333793350987182
2024-09-03,-0.04105310497805226
2024-09-04,-0.0025593441489795143
2024-09-05,0.017028214612186288
2024-09-06,-0.0461008805476506
2024-09-09,0.02524643503746682
2024-09-10,0.0152439384423797
2024-09-11,0.02171398953174486
2024-09-12,0.01695681681578609
2024-09-13,0.01734101350011019
2024-09-16,-0.001529713666778676
2024-09-17,0.008098112446992767
2024-09-18,0.002605274170798255
2024-09-19,0.026851404408296586
2024-09-20,-0.010965766831407153
2024-09-23,0.0008528166210828303
2024-09-24,0.01086497978592349
2024-09-25,-0.012434144217099874
2024-09-26,0.008749463125733214
2024-09-27,0.012904603436520112
2024-09-30,-0.007309989160619201
2024-10-01,-0.02840308244882861
2024-10-02,-0.006712892404556192
2024-10-03,-0.010464346052179052
2024-10-04,0.025556286913646753
2024-10-07,-0.01374864447127433
2024-10-08,0.01590066531610934
2024-10-09,0.00021445403862263568
2024-10-10,-0.010289460690956598
2024-10-11,0.0101797972567228
2024-10-14,0.015651791419155625
2024-10-15,-0.001688790757045533
2024-10-16,0.008458399311434661
2024-10-17,-0.013629644158085763
2024-10-18,0.021045872544673827
2024-10-21,-0.013533161101428548
2024-10-22,-0.004854359161066135
2024-10-23,-0.029480448766958767
2024-10-24,0.03540215922210188
2024-10-25,0.006120664717021995
2024-10-28,0.015313685441027625
2024-10-29,0.00020657688466929613
2024-10-30,-0.0037182463487531736
2024-10-31,-0.04851752383988084
2024-11-01,0.016343430158536565
2024-11-04,0.0008576525739882879
2024-11-05,0.032347864431478524
2024-11-06,0.08196723128251326
2024-11-07,0.01054850869771462
2024-11-08,0.026190949024160748
2024-11-11,0.06990935455209013
2024-11-12,-0.017977478448773287
2024-11-13,-0.017074479796776898
2024-11-14,-0.0356375657777388
2024-11-15,-0.007242328703794931
2024-11-18,0.030864226601869715
2024-11-19,0.014697832509942055
2024-11-20,-0.011444910776192696
2024-11-21,-0.009225729609172895
2024-11-22,0.026291740271564334
2024-11-25,0.01458814638285122
2024-11-26,-0.014553709172771878
2024-11-27,0.016903927936704255
2024-11-29,0.01452314950475686
2024-12-02,0.025698545881867263
2024-12-03,-0.008071288588930248
2024-12-04,0.031191729110588318
2024-12-05,-0.007397677944992576
2024-12-06,0.04173568090733948
2024-12-09,-0.02527822120852763
2024-12-10,-0.011743617755271885
2024-12-11,0.02013535596023619
2024-12-12,-0.014399016090788974
2024-12-13,0.006730198201456705
2024-12-16,0.026251373676611678
2024-12-17,0.00063554045758063
2024-12-18,-0.07018098128090844
2024-12-19,-0.0066598906284107695
2024-12-20,0.021144978436500095
2024-12-23,-0.0026936000555892736
2024-12-24,0.029034391581238994
2024-12-26,0.0
2024-12-27,-0.02772307500147997
2024-12-30,-0.02800742086369712
