,Close
,ARKK
Date,
2014-10-31,18.391508102416992
2014-11-03,18.391508102416992
2014-11-04,18.283218383789062
2014-11-05,18.048587799072266
2014-11-06,18.174922943115234
2014-11-07,18.156877517700195
2014-11-10,18.31931495666504
2014-11-11,18.31028938293457
2014-11-12,18.373462677001953
2014-11-13,18.35541343688965
2014-11-14,18.445655822753906
2014-11-17,18.418582916259766
2014-11-18,18.590044021606445
2014-11-19,18.31028938293457
2014-11-20,18.301265716552734
2014-11-21,18.373462677001953
2014-11-24,18.49077606201172
2014-11-25,18.517847061157227
2014-11-26,18.553943634033203
2014-11-28,18.581018447875977
2014-12-01,18.2922420501709
2014-12-02,18.093706130981445
2014-12-03,18.129802703857422
2014-12-04,18.102731704711914
2014-12-05,18.14785385131836
2014-12-08,17.804933547973633
2014-12-09,17.850053787231445
2014-12-10,17.804933547973633
2014-12-11,17.84103012084961
2014-12-12,17.694833755493164
2014-12-15,17.39883804321289
2014-12-16,17.10103416442871
2014-12-17,17.290542602539062
2014-12-18,17.94029426574707
2014-12-19,18.192975997924805
2014-12-22,18.346389770507812
2014-12-23,18.352705001831055
2014-12-24,18.38248634338379
2014-12-26,18.590044021606445
2014-12-29,18.433923721313477
2014-12-30,18.31931495666504
2014-12-31,18.192975997924805
2015-01-02,18.202001571655273
2015-01-05,17.763418197631836
2015-01-06,17.696640014648438
2015-01-07,17.77785873413086
2015-01-08,18.174922943115234
2015-01-09,18.02151107788086
2015-01-12,18.18395233154297
2015-01-13,18.03955841064453
2015-01-14,17.985416412353516
2015-01-15,17.579322814941406
2015-01-16,17.696640014648438
2015-01-20,17.949316024780273
2015-01-21,18.274194717407227
2015-01-22,18.525070190429688
2015-01-23,18.617116928100586
2015-01-26,18.72540855407715
2015-01-27,18.445655822753906
2015-01-28,18.364437103271484
2015-01-29,18.400531768798828
2015-01-30,18.26517105102539
2015-02-02,18.379777908325195
2015-02-03,18.256145477294922
2015-02-04,18.463703155517578
2015-02-05,18.80662727355957
2015-02-06,18.763309478759766
2015-02-09,18.660430908203125
2015-02-10,18.815649032592773
2015-02-11,18.974477767944336
2015-02-12,19.117063522338867
2015-02-13,19.35710906982422
2015-02-17,19.257843017578125
2015-02-18,19.2849178314209
2015-02-19,19.43832778930664
2015-02-20,19.56827735900879
2015-02-23,19.38418197631836
2015-02-24,19.33184242248535
2015-02-25,19.339059829711914
2015-02-26,19.5285701751709
2015-02-27,19.411256790161133
2015-03-02,19.40132713317871
2015-03-03,19.257843017578125
2015-03-04,19.148649215698242
2015-03-05,19.2686710357666
2015-03-06,18.920330047607422
2015-03-09,18.77052879333496
2015-03-10,18.570186614990234
2015-03-11,18.64870262145996
2015-03-12,18.6622371673584
2015-03-13,18.604482650756836
2015-03-16,18.77052879333496
2015-03-17,18.833702087402344
2015-03-18,18.77052879333496
2015-03-19,19.041259765625
2015-03-20,19.248817443847656
2015-03-23,19.21272087097168
2015-03-24,19.21272087097168
2015-03-25,18.779552459716797
2015-03-26,18.76150894165039
2015-03-27,18.734432220458984
2015-03-30,18.95101547241211
2015-03-31,18.802114486694336
2015-04-01,18.499801635742188
2015-04-02,18.64238739013672
2015-04-06,18.92394256591797
2015-04-07,18.9149169921875
2015-04-08,19.145938873291016
2015-04-09,19.239789962768555
2015-04-10,19.393205642700195
2015-04-13,19.429302215576172
2015-04-14,19.302961349487305
2015-04-15,19.492473602294922
2015-04-16,19.709056854248047
2015-04-17,19.311988830566406
2015-04-20,19.402233123779297
2015-04-21,19.485254287719727
2015-04-22,19.63686180114746
2015-04-23,19.839908599853516
2015-04-24,19.841712951660156
2015-04-27,20.061002731323242
2015-04-28,19.60978889465332
2015-04-29,19.447349548339844
2015-04-30,18.9104061126709
2015-05-01,18.76150894165039
2015-05-04,18.96184539794922
2015-05-05,18.743457794189453
2015-05-06,18.626140594482422
2015-05-07,18.824674606323242
2015-05-08,18.80662727355957
2015-05-11,18.95101547241211
2015-05-12,18.86077308654785
2015-05-13,18.960039138793945
2015-05-14,19.113454818725586
2015-05-15,19.07013511657715
2015-05-18,19.17572021484375
2015-05-19,19.18564796447754
2015-05-20,19.14954948425293
2015-05-21,19.321014404296875
2015-05-22,19.36342430114746
2015-05-26,19.23076820373535
2015-05-27,19.239789962768555
2015-05-28,19.474424362182617
2015-05-29,19.488861083984375
2015-06-01,19.42028045654297
2015-06-02,19.454572677612305
2015-06-03,19.564666748046875
2015-06-04,19.492473602294922
2015-06-05,19.51503562927246
2015-06-08,19.492473602294922
2015-06-09,19.366130828857422
2015-06-10,19.718080520629883
2015-06-11,19.654911041259766
2015-06-12,19.537593841552734
2015-06-15,19.2849178314209
2015-06-16,19.510522842407227
2015-06-17,19.70003318786621
2015-06-18,19.8985652923584
2015-06-19,19.85344696044922
2015-06-22,19.8985652923584
2015-06-23,20.061002731323242
2015-06-24,19.799299240112305
2015-06-25,19.763202667236328
2015-06-26,19.618812561035156
2015-06-29,19.095401763916016
2015-06-30,19.26686668395996
2015-07-01,19.23076820373535
2015-07-02,19.174816131591797
2015-07-06,19.039451599121094
2015-07-07,18.932966232299805
2015-07-08,18.752485275268555
2015-07-09,18.905895233154297
2015-07-10,19.104429244995117
2015-07-13,19.34808349609375
2015-07-14,19.460887908935547
2015-07-15,19.325525283813477
2015-07-16,19.71627426147461
2015-07-17,19.781251907348633
2015-07-20,19.808324813842773
2015-07-21,19.736129760742188
2015-07-22,19.537593841552734
2015-07-23,19.672962188720703
2015-07-24,19.763202667236328
2015-07-27,19.537593841552734
2015-07-28,19.826372146606445
2015-07-29,19.691007614135742
2015-07-30,19.537593841552734
2015-07-31,19.402233123779297
2015-08-03,19.050281524658203
2015-08-04,18.996135711669922
2015-08-05,19.041259765625
2015-08-06,18.77052879333496
2015-08-07,18.749773025512695
2015-08-10,19.20369529724121
2015-08-11,18.949209213256836
2015-08-12,18.77052879333496
2015-08-13,18.940187454223633
2015-08-14,18.9149169921875
2015-08-17,19.056598663330078
2015-08-18,18.932966232299805
2015-08-19,18.72540855407715
2015-08-20,17.949316024780273
2015-08-21,17.62444496154785
2015-08-24,17.110055923461914
2015-08-25,17.489078521728516
2015-08-26,17.54773712158203
2015-08-27,18.088293075561523
2015-08-28,18.26517105102539
2015-08-31,18.13882827758789
2015-09-01,17.480056762695312
2015-09-02,17.6740779876709
2015-09-03,17.877124786376953
2015-09-04,17.525177001953125
2015-09-08,18.06663703918457
2015-09-09,18.129802703857422
2015-09-10,18.0576114654541
2015-09-11,18.14785385131836
2015-09-14,18.111759185791016
2015-09-15,18.346389770507812
2015-09-16,18.562971115112305
2015-09-17,18.72540855407715
2015-09-18,18.436630249023438
2015-09-21,18.31931495666504
2015-09-22,17.94029426574707
2015-09-23,17.904197692871094
2015-09-24,17.696640014648438
2015-09-25,17.50712776184082
2015-09-28,17.14615821838379
2015-09-29,16.866405487060547
2015-09-30,16.956645965576172
2015-10-01,16.722017288208008
2015-10-02,17.21834945678711
2015-10-05,17.615419387817383
2015-10-06,17.353717803955078
2015-10-07,17.606393814086914
2015-10-08,17.498104095458984
2015-10-09,17.890661239624023
2015-10-12,17.750782012939453
2015-10-13,17.6876163482666
2015-10-14,17.597370147705078
2015-10-15,17.619930267333984
2015-10-16,17.877124786376953
2015-10-19,17.877124786376953
2015-10-20,17.593761444091797
2015-10-21,17.741756439208984
2015-10-22,17.551347732543945
2015-10-23,17.877124786376953
2015-10-26,17.850053787231445
2015-10-27,17.696640014648438
2015-10-28,17.88614845275879
2015-10-29,17.79590606689453
2015-10-30,17.958343505859375
2015-11-02,18.463703155517578
2015-11-03,18.459192276000977
2015-11-04,18.803016662597656
2015-11-05,18.644187927246094
2015-11-06,18.813844680786133
2015-11-09,18.666748046875
2015-11-10,18.43933868408203
2015-11-11,18.400531768798828
2015-11-12,18.084684371948242
2015-11-13,17.88614845275879
2015-11-16,17.97639274597168
2015-11-17,18.001657485961914
2015-11-18,18.220048904418945
2015-11-19,18.50882339477539
2015-11-20,18.63516616821289
2015-11-23,18.6622371673584
2015-11-24,18.617116928100586
2015-11-25,18.86077308654785
2015-11-27,19.194673538208008
2015-11-30,19.13150405883789
2015-12-01,19.23076820373535
2015-12-02,19.275890350341797
2015-12-03,18.815649032592773
2015-12-04,19.000652313232422
2015-12-07,18.76150894165039
2015-12-08,18.941991806030273
2015-12-09,18.693824768066406
2015-12-10,19.014184951782227
2015-12-11,18.878820419311523
2015-12-14,18.238096237182617
2015-12-15,18.54672622680664
2015-12-16,18.752485275268555
2015-12-17,18.9446964263916
2015-12-18,18.887845993041992
2015-12-21,18.833702087402344
2015-12-22,18.9149169921875
2015-12-23,19.191965103149414
2015-12-24,19.26300621032715
2015-12-28,19.29160499572754
2015-12-29,19.17167091369629
2015-12-30,19.22702407836914
2015-12-31,18.876434326171875
2016-01-04,18.461265563964844
2016-01-05,18.608882904052734
2016-01-06,18.295196533203125
2016-01-07,17.575563430786133
2016-01-08,17.372594833374023
2016-01-11,16.7636775970459
2016-01-12,17.00816535949707
2016-01-13,16.486896514892578
2016-01-14,16.634511947631836
2016-01-15,15.979464530944824
2016-01-19,16.14553451538086
2016-01-20,15.730360984802246
2016-01-21,15.868753433227539
2016-01-22,16.1732120513916
2016-01-25,15.979464530944824
2016-01-26,15.730360984802246
2016-01-27,15.570754051208496
2016-01-28,15.20447826385498
2016-01-29,15.444357872009277
2016-02-01,15.568906784057617
2016-02-02,15.18602466583252
2016-02-03,15.100225448608398
2016-02-04,15.241384506225586
2016-02-05,14.300329208374023
2016-02-08,13.654508590698242
2016-02-09,13.70986270904541
2016-02-10,13.889772415161133
2016-02-11,13.636055946350098
2016-02-12,13.792898178100586
2016-02-16,14.34645938873291
2016-02-17,14.88156795501709
2016-02-18,14.826212882995605
2016-02-19,14.853891372680664
2016-02-22,15.195253372192383
2016-02-23,15.038410186767578
2016-02-24,15.167576789855957
2016-02-25,15.2506103515625
2016-02-26,15.702686309814453
2016-02-29,15.77649211883545
2016-03-01,16.131694793701172
2016-03-02,16.35773277282715
2016-03-03,16.740612030029297
2016-03-04,17.105039596557617
2016-03-07,17.077362060546875
2016-03-08,16.800579071044922
2016-03-09,16.588382720947266
2016-03-10,16.434309005737305
2016-03-11,16.542251586914062
2016-03-14,16.975875854492188
2016-03-15,16.459218978881836
2016-03-16,16.59760856628418
2016-03-17,16.699094772338867
2016-03-18,17.07551383972168
2016-03-21,17.23881721496582
2016-03-22,17.40949821472168
2016-03-23,17.40949821472168
2016-03-24,16.855939865112305
2016-03-28,16.855939865112305
2016-03-29,17.377206802368164
2016-03-30,17.437177658081055
2016-03-31,17.649375915527344
2016-04-01,17.649375915527344
2016-04-04,18.018415451049805
2016-04-05,17.898475646972656
2016-04-06,17.975051879882812
2016-04-07,17.99073600769043
2016-04-08,17.889249801635742
2016-04-11,17.889249801635742
2016-04-12,17.981510162353516
2016-04-13,18.276742935180664
2016-04-14,18.470491409301758
2016-04-15,18.23984146118164
2016-04-18,18.28227996826172
2016-04-19,17.8929386138916
2016-04-20,18.050708770751953
2016-04-21,18.22784423828125
2016-04-22,18.184484481811523
2016-04-25,18.101449966430664
2016-04-26,18.05624008178711
2016-04-27,17.963058471679688
2016-04-28,18.078384399414062
2016-04-29,17.41872215270996
2016-05-02,17.529438018798828
2016-05-03,17.271108627319336
2016-05-04,16.800579071044922
2016-05-05,16.75444984436035
2016-05-06,16.55147933959961
2016-05-09,16.883615493774414
2016-05-10,17.014623641967773
2016-05-11,16.890993118286133
2016-05-12,16.559782028198242
2016-05-13,16.70831871032715
2016-05-16,16.86516571044922
2016-05-17,16.745223999023438
2016-05-18,16.86516571044922
2016-05-19,16.578231811523438
2016-05-20,16.791357040405273
2016-05-23,16.953733444213867
2016-05-24,17.45562744140625
2016-05-25,17.612468719482422
2016-05-26,17.73240852355957
2016-05-27,17.796993255615234
2016-05-31,17.981510162353516
2016-06-01,18.009187698364258
2016-06-02,18.214006423950195
2016-06-03,18.05531883239746
2016-06-06,18.378231048583984
2016-06-07,18.3874568939209
2016-06-08,18.378231048583984
2016-06-09,18.110675811767578
2016-06-10,18.082998275756836
2016-06-13,17.81544303894043
2016-06-14,17.75086212158203
2016-06-15,17.898475646972656
2016-06-16,17.916929244995117
2016-06-17,18.05531883239746
2016-06-20,18.1475772857666
2016-06-21,18.064544677734375
2016-06-22,17.933534622192383
2016-06-23,18.101449966430664
2016-06-24,17.492528915405273
2016-06-27,16.846710205078125
2016-06-28,17.250810623168945
2016-06-29,17.6779727935791
2016-06-30,17.796993255615234
2016-07-01,17.94552993774414
2016-07-05,17.75823974609375
2016-07-06,17.704730987548828
2016-07-07,18.101449966430664
2016-07-08,18.479717254638672
2016-07-11,18.553524017333984
2016-07-12,18.876434326171875
2016-07-13,18.894887924194336
2016-07-14,18.714981079101562
2016-07-15,18.724206924438477
2016-07-18,18.88750648498535
2016-07-19,18.535070419311523
2016-07-20,18.83584213256836
2016-07-21,18.80262565612793
2016-07-22,18.576587677001953
2016-07-25,18.56736183166504
2016-07-26,18.765724182128906
2016-07-27,18.92902374267578
2016-07-28,19.09786033630371
2016-07-29,18.99637222290039
2016-08-01,19.03420066833496
2016-08-02,18.648550033569336
2016-08-03,18.848756790161133
2016-08-04,19.07940673828125
2016-08-05,19.219642639160156
2016-08-08,19.282381057739258
2016-08-09,19.282381057739258
2016-08-10,19.31098175048828
2016-08-11,19.471511840820312
2016-08-12,19.54071044921875
2016-08-15,19.54071044921875
2016-08-16,19.67909812927246
2016-08-17,19.52594757080078
2016-08-18,19.58222770690918
2016-08-19,19.448448181152344
2016-08-22,19.527790069580078
2016-08-23,19.621896743774414
2016-08-24,19.5960636138916
2016-08-25,19.300830841064453
2016-08-26,19.273155212402344
2016-08-29,19.410621643066406
2016-08-30,19.222410202026367
2016-08-31,19.018518447875977
2016-09-01,18.885662078857422
2016-09-02,19.091400146484375
2016-09-06,19.530559539794922
2016-09-07,19.63020133972168
2016-09-08,19.632047653198242
2016-09-09,19.35618782043457
2016-09-12,19.35618782043457
2016-09-13,19.01205825805664
2016-09-14,19.116310119628906
2016-09-15,19.559162139892578
2016-09-16,19.559162139892578
2016-09-19,19.72522735595703
2016-09-20,19.789810180664062
2016-09-21,19.60529136657715
2016-09-22,20.158851623535156
2016-09-23,20.16715431213379
2016-09-26,20.011234283447266
2016-09-27,20.394113540649414
2016-09-28,20.444854736328125
2016-09-29,20.26033592224121
2016-09-30,20.463308334350586
2016-10-03,20.49098777770996
2016-10-04,20.371049880981445
2016-10-05,20.659822463989258
2016-10-06,20.131174087524414
2016-10-07,20.021385192871094
2016-10-10,20.20498275756836
2016-10-11,19.3746395111084
2016-10-12,19.236248016357422
2016-10-13,18.995450973510742
2016-10-14,18.80262565612793
2016-10-17,18.673463821411133
2016-10-18,18.977920532226562
2016-10-19,19.051729202270508
2016-10-20,18.977920532226562
2016-10-21,18.941017150878906
2016-10-24,19.068336486816406
2016-10-25,18.848756790161133
2016-10-26,18.756498336791992
2016-10-27,18.60519027709961
2016-10-28,18.433582305908203
2016-10-31,18.375463485717773
2016-11-01,18.19278907775879
2016-11-02,17.824668884277344
2016-11-03,17.713958740234375
2016-11-04,17.763774871826172
2016-11-07,18.285968780517578
2016-11-08,18.442808151245117
2016-11-09,18.493555068969727
2016-11-10,18.857982635498047
2016-11-11,18.785099029541016
2016-11-14,19.07940673828125
2016-11-15,19.000986099243164
2016-11-16,19.000986099243164
2016-11-17,19.116310119628906
2016-11-18,19.051729202270508
2016-11-21,19.263927459716797
2016-11-22,19.31098175048828
2016-11-23,19.217798233032227
2016-11-25,19.328510284423828
2016-11-28,19.24547576904297
2016-11-29,18.784175872802734
2016-11-30,18.553524017333984
2016-12-01,18.119901657104492
2016-12-02,18.262907028198242
2016-12-05,18.634714126586914
2016-12-06,18.61349105834961
2016-12-07,18.52584457397461
2016-12-08,18.752809524536133
2016-12-09,18.82107925415039
2016-12-12,18.820154190063477
2016-12-13,18.959468841552734
2016-12-14,18.83122444152832
2016-12-15,19.172590255737305
2016-12-16,19.217798233032227
2016-12-19,19.273155212402344
2016-12-20,19.215951919555664
2016-12-21,18.913339614868164
2016-12-22,18.65500831604004
2016-12-23,18.738046646118164
2016-12-27,19.1117000579834
2016-12-28,18.71959114074707
2016-12-29,18.62733268737793
2016-12-30,18.498167037963867
2017-01-03,18.855215072631836
2017-01-04,19.706777572631836
2017-01-05,19.51302719116211
2017-01-06,19.71139144897461
2017-01-09,19.969717025756836
2017-01-10,20.251113891601562
2017-01-11,20.094270706176758
2017-01-12,20.140399932861328
2017-01-13,20.35259437561035
2017-01-17,20.038911819458008
2017-01-18,20.11272430419922
2017-01-19,20.140399932861328
2017-01-20,20.157930374145508
2017-01-23,20.203136444091797
2017-01-24,20.35259437561035
2017-01-25,20.52328109741211
2017-01-26,20.39872932434082
2017-01-27,20.458694458007812
2017-01-30,20.30000877380371
2017-01-31,20.381200790405273
2017-02-01,20.55003547668457
2017-02-02,20.675508499145508
2017-02-03,20.647830963134766
2017-02-06,20.657054901123047
2017-02-07,20.555572509765625
2017-02-08,20.749313354492188
2017-02-09,21.15064811706543
2017-02-10,21.192167282104492
2017-02-13,21.265974044799805
2017-02-14,21.422813415527344
2017-02-15,21.374841690063477
2017-02-16,21.201391220092773
2017-02-17,21.349008560180664
2017-02-21,21.40436553955078
2017-02-22,21.37945556640625
2017-02-23,21.192167282104492
2017-02-24,21.090681076049805
2017-02-27,21.468948364257812
2017-02-28,21.33517074584961
2017-03-01,21.676532745361328
2017-03-02,21.45049476623535
2017-03-03,21.40436553955078
2017-03-06,21.468948364257812
2017-03-07,21.445880889892578
2017-03-08,21.440345764160156
2017-03-09,21.21523094177246
2017-03-10,21.41358757019043
2017-03-13,21.616561889648438
2017-03-14,21.570432662963867
2017-03-15,21.76879119873047
2017-03-16,21.88411521911621
2017-03-17,21.877660751342773
2017-03-20,21.86566734313965
2017-03-21,21.255823135375977
2017-03-22,21.23829460144043
2017-03-23,21.242910385131836
2017-03-24,21.36745834350586
2017-03-27,21.616561889648438
2017-03-28,21.76879119873047
2017-03-29,21.948699951171875
2017-03-30,22.004056930541992
2017-03-31,22.105539321899414
2017-04-03,22.170122146606445
2017-04-04,22.077863693237305
2017-04-05,21.824148178100586
2017-04-06,21.926555633544922
2017-04-07,22.09078025817871
2017-04-10,22.22271156311035
2017-04-11,22.167356491088867
2017-04-12,21.972684860229492
2017-04-13,22.004056930541992
2017-04-17,22.12952995300293
2017-04-18,22.290061950683594
2017-04-19,22.41922950744629
2017-04-20,22.64987564086914
2017-04-21,22.456130981445312
2017-04-24,22.769813537597656
2017-04-25,23.0835018157959
2017-04-26,23.3695068359375
2017-04-27,23.600154876708984
2017-04-28,23.221891403198242
2017-05-01,23.720094680786133
2017-05-02,23.692415237426758
2017-05-03,23.6093807220459
2017-05-04,23.526350021362305
2017-05-05,23.766225814819336
2017-05-08,23.701641082763672
2017-05-09,24.236753463745117
2017-05-10,24.466480255126953
2017-05-11,24.512609481811523
2017-05-12,24.64362144470215
2017-05-15,24.86412239074707
2017-05-16,24.979446411132812
2017-05-17,24.09836196899414
2017-05-18,24.79953956604004
2017-05-19,24.845666885375977
2017-05-22,25.233163833618164
2017-05-23,25.316198348999023
2017-05-24,26.072729110717773
2017-05-25,26.395641326904297
2017-05-26,26.06350326538086
2017-05-30,25.962018966674805
2017-05-31,26.155763626098633
2017-06-01,26.718549728393555
2017-06-02,26.903072357177734
2017-06-05,26.949199676513672
2017-06-06,27.13372230529785
2017-06-07,27.17431640625
2017-06-08,27.447406768798828
2017-06-09,26.594921112060547
2017-06-12,26.081954956054688
2017-06-13,26.487899780273438
2017-06-14,26.257251739501953
2017-06-15,26.164989471435547
2017-06-16,26.320907592773438
2017-06-19,27.050687789916992
2017-06-20,27.078365325927734
2017-06-21,27.465858459472656
2017-06-22,27.72418785095215
2017-06-23,27.954833984375
2017-06-26,27.5396671295166
2017-06-27,26.94550895690918
2017-06-28,27.480619430541992
2017-06-29,26.964885711669922
2017-06-30,26.709325790405273
2017-07-03,26.57093048095703
2017-07-05,26.746231079101562
2017-07-06,26.201892852783203
2017-07-07,26.367961883544922
2017-07-10,26.3310604095459
2017-07-11,26.663192749023438
2017-07-12,27.11526870727539
2017-07-13,26.995330810546875
2017-07-14,27.04607391357422
2017-07-17,26.85694122314453
2017-07-18,27.152172088623047
2017-07-19,27.1890811920166
2017-07-20,27.428951263427734
2017-07-21,27.631929397583008
2017-07-24,28.028644561767578
2017-07-25,27.954833984375
2017-07-26,27.94561195373535
2017-07-27,27.521211624145508
2017-07-28,27.650379180908203
2017-07-31,27.329315185546875
2017-08-01,27.401277542114258
2017-08-02,27.504608154296875
2017-08-03,27.71034812927246
2017-08-04,28.047096252441406
2017-08-07,28.572980880737305
2017-08-08,28.5268497467041
2017-08-09,28.268524169921875
2017-08-10,27.761093139648438
2017-08-11,28.37000846862793
2017-08-14,29.29261016845703
2017-08-15,28.85898780822754
2017-08-16,29.08963966369629
2017-08-17,28.572980880737305
2017-08-18,28.37000846862793
2017-08-21,28.37000846862793
2017-08-22,28.895889282226562
2017-08-23,29.052732467651367
2017-08-24,29.283384323120117
2017-08-25,29.206809997558594
2017-08-28,29.80927085876465
2017-08-29,30.261341094970703
2017-08-30,30.833354949951172
2017-08-31,31.49947166442871
2017-09-01,31.03632926940918
2017-09-05,30.84258270263672
2017-09-06,31.03632926940918
2017-09-07,31.137813568115234
2017-09-08,30.694961547851562
2017-09-11,31.110132217407227
2017-09-12,31.248523712158203
2017-09-13,31.110132217407227
2017-09-14,30.953292846679688
2017-09-15,31.32233238220215
2017-09-18,31.700605392456055
2017-09-19,31.562211990356445
2017-09-20,31.645244598388672
2017-09-21,31.340787887573242
2017-09-22,31.276206970214844
2017-09-25,30.79645347595215
2017-09-26,30.676513671875
2017-09-27,31.211624145507812
2017-09-28,31.479175567626953
2017-09-29,31.634170532226562
2017-10-02,31.80208969116211
2017-10-03,32.106544494628906
2017-10-04,31.977380752563477
2017-10-05,32.40177536010742
2017-10-06,32.30952072143555
2017-10-09,32.242164611816406
2017-10-10,32.09732437133789
2017-10-11,32.11577224731445
2017-10-12,32.217254638671875
2017-10-13,32.09271240234375
2017-10-16,32.005062103271484
2017-10-17,32.041961669921875
2017-10-18,32.005062103271484
2017-10-19,31.700605392456055
2017-10-20,32.14345169067383
2017-10-23,31.848220825195312
2017-10-24,31.700605392456055
2017-10-25,31.11936378479004
2017-10-26,31.562211990356445
2017-10-27,32.15267562866211
2017-10-30,32.32796859741211
2017-10-31,32.76158905029297
2017-11-01,32.254154205322266
2017-11-02,32.13422775268555
2017-11-03,32.56785202026367
2017-11-06,32.51248550415039
2017-11-07,32.189579010009766
2017-11-08,32.22648239135742
2017-11-09,31.977380752563477
2017-11-10,32.01428985595703
2017-11-13,32.15267562866211
2017-11-14,31.838993072509766
2017-11-15,31.92202377319336
2017-11-16,32.56785202026367
2017-11-17,32.733917236328125
2017-11-20,33.06604766845703
2017-11-21,33.61960983276367
2017-11-22,33.91484832763672
2017-11-24,34.08091354370117
2017-11-27,34.37614059448242
2017-11-28,34.75441360473633
2017-11-29,34.11781311035156
2017-11-30,34.32079315185547
2017-12-01,34.50531768798828
2017-12-04,33.89639663696289
2017-12-05,33.53657531738281
2017-12-06,33.69342041015625
2017-12-07,34.19163131713867
2017-12-08,33.89639663696289
2017-12-11,34.127044677734375
2017-12-12,34.63447952270508
2017-12-13,34.6898307800293
2017-12-14,34.66215515136719
2017-12-15,35.47404479980469
2017-12-18,36.848716735839844
2017-12-19,36.06450271606445
2017-12-20,35.36333084106445
2017-12-21,34.828224182128906
2017-12-22,34.828224182128906
2017-12-26,35.29875183105469
2017-12-27,35.09128189086914
2017-12-28,34.988487243652344
2017-12-29,34.652061462402344
2018-01-02,36.05384826660156
2018-01-03,36.203365325927734
2018-01-04,36.32485580444336
2018-01-05,36.91360092163086
2018-01-08,36.66128158569336
2018-01-09,36.736045837402344
2018-01-10,36.82949447631836
2018-01-11,36.92294692993164
2018-01-12,37.10984802246094
2018-01-16,36.27812576293945
2018-01-17,37.1285400390625
2018-01-18,37.25937271118164
2018-01-19,37.324790954589844
2018-01-22,38.36211013793945
2018-01-23,38.84806442260742
2018-01-24,38.61443328857422
2018-01-25,38.58639907836914
2018-01-26,39.296630859375
2018-01-29,39.55829620361328
2018-01-30,38.8760986328125
2018-01-31,38.5396728515625
2018-02-01,38.08175277709961
2018-02-02,37.1939582824707
2018-02-05,35.87628173828125
2018-02-06,36.71735382080078
2018-02-07,37.23133850097656
2018-02-08,35.60526657104492
2018-02-09,35.85759353637695
2018-02-12,36.27812576293945
2018-02-13,36.700531005859375
2018-02-14,37.64252471923828
2018-02-15,38.39949417114258
2018-02-16,38.3714599609375
2018-02-20,38.33407974243164
2018-02-21,38.380802154541016
2018-02-22,38.30604553222656
2018-02-23,38.791988372802734
2018-02-26,39.586334228515625
2018-02-27,38.960201263427734
2018-02-28,38.23128128051758
2018-03-01,38.10044479370117
2018-03-02,38.97889709472656
2018-03-05,39.77323913574219
2018-03-06,40.14704513549805
2018-03-07,40.754486083984375
2018-03-08,41.11894989013672
2018-03-09,41.9506721496582
2018-03-12,42.0347785949707
2018-03-13,41.5301399230957
2018-03-14,41.24043655395508
2018-03-15,40.77317428588867
2018-03-16,40.576927185058594
2018-03-19,39.810611724853516
2018-03-20,39.885379791259766
2018-03-21,39.876033782958984
2018-03-22,38.74526596069336
2018-03-23,37.98830032348633
2018-03-26,38.791988372802734
2018-03-27,36.81080627441406
2018-03-28,35.87628173828125
2018-03-29,36.51176071166992
2018-04-02,35.334266662597656
2018-04-03,35.838905334472656
2018-04-04,36.69866180419922
2018-04-05,36.9416389465332
2018-04-06,35.923011779785156
2018-04-09,36.14729309082031
2018-04-10,37.30609893798828
2018-04-11,37.46497344970703
2018-04-12,37.866817474365234
2018-04-13,37.60515213012695
2018-04-16,37.586463928222656
2018-04-17,38.67050552368164
2018-04-18,38.932167053222656
2018-04-19,38.53032302856445
2018-04-20,38.19389724731445
2018-04-23,37.56776428222656
2018-04-24,37.035091400146484
2018-04-25,36.31550598144531
2018-04-26,36.950984954833984
2018-04-27,36.80146408081055
2018-04-30,36.53044891357422
2018-05-01,36.97901916503906
2018-05-02,36.9603271484375
2018-05-03,36.71735382080078
2018-05-04,37.29676055908203
2018-05-07,38.26866149902344
2018-05-08,38.58639907836914
2018-05-09,39.56764602661133
2018-05-10,39.876033782958984
2018-05-11,40.06947708129883
2018-05-14,40.1377067565918
2018-05-15,39.93210983276367
2018-05-16,40.24984359741211
2018-05-17,40.30592346191406
2018-05-18,39.82931137084961
2018-05-21,39.94145584106445
2018-05-22,40.06293869018555
2018-05-23,40.502166748046875
2018-05-24,40.41805648803711
2018-05-25,40.36198806762695
2018-05-29,40.24984359741211
2018-05-30,40.81055450439453
2018-05-31,40.632999420166016
2018-06-01,40.90401077270508
2018-06-04,41.59555435180664
2018-06-05,42.137577056884766
2018-06-06,42.86650466918945
2018-06-07,42.45531463623047
2018-06-08,42.707637786865234
2018-06-11,42.78239822387695
2018-06-12,43.14685821533203
2018-06-13,43.3618049621582
2018-06-14,44.174835205078125
2018-06-15,44.184181213378906
2018-06-18,44.71685791015625
2018-06-19,44.31501007080078
2018-06-20,45.20280838012695
2018-06-21,44.12811279296875
2018-06-22,43.55805587768555
2018-06-25,42.32448196411133
2018-06-26,42.77305221557617
2018-06-27,41.539485931396484
2018-06-28,42.02543640136719
2018-06-29,42.0347785949707
2018-07-02,42.61418533325195
2018-07-03,42.19365310668945
2018-07-05,42.77305221557617
2018-07-06,43.64216232299805
2018-07-09,44.081382751464844
2018-07-10,43.885128021240234
2018-07-11,43.84775161743164
2018-07-12,44.62340545654297
2018-07-13,44.61405944824219
2018-07-16,43.8664436340332
2018-07-17,44.34305191040039
2018-07-18,44.21221923828125
2018-07-19,44.41781234741211
2018-07-20,44.174835205078125
2018-07-23,44.02531051635742
2018-07-24,42.8758544921875
2018-07-25,43.791683197021484
2018-07-26,43.45524978637695
2018-07-27,41.79180908203125
2018-07-30,40.745140075683594
2018-07-31,41.6329345703125
2018-08-01,41.801151275634766
2018-08-02,42.86650466918945
2018-08-03,42.49269485473633
2018-08-06,42.93191909790039
2018-08-07,43.5487060546875
2018-08-08,43.595436096191406
2018-08-09,43.75429916381836
2018-08-10,43.857093811035156
2018-08-13,43.55805587768555
2018-08-14,43.81037521362305
2018-08-15,42.913230895996094
2018-08-16,43.3618049621582
2018-08-17,42.829124450683594
2018-08-20,43.34311294555664
2018-08-21,44.26829147338867
2018-08-22,44.30567169189453
2018-08-23,44.240257263183594
2018-08-24,44.913108825683594
2018-08-27,45.67941665649414
2018-08-28,45.78221130371094
2018-08-29,46.38031005859375
2018-08-30,46.352272033691406
2018-08-31,46.44572067260742
2018-09-04,45.95042419433594
2018-09-05,44.847694396972656
2018-09-06,43.959896087646484
2018-09-07,43.67019271850586
2018-09-10,43.791683197021484
2018-09-11,44.32435607910156
2018-09-12,44.46453857421875
2018-09-13,44.800968170166016
2018-09-14,45.081321716308594
2018-09-17,44.184181213378906
2018-09-18,44.98786926269531
2018-09-19,44.959835052490234
2018-09-20,45.16543197631836
2018-09-21,44.07203674316406
2018-09-24,44.23090744018555
2018-09-25,44.64209747314453
2018-09-26,44.67947769165039
2018-09-27,45.05328369140625
2018-09-28,44.240257263183594
2018-10-01,44.30567169189453
2018-10-02,43.165550231933594
2018-10-03,43.249656677246094
2018-10-04,41.89460372924805
2018-10-05,41.100257873535156
2018-10-08,40.333953857421875
2018-10-09,40.52085876464844
2018-10-10,38.40884017944336
2018-10-11,38.035030364990234
2018-10-12,39.26859664916992
2018-10-15,38.913482666015625
2018-10-16,40.77317428588867
2018-10-17,40.53019714355469
2018-10-18,39.343360900878906
2018-10-19,38.61443328857422
2018-10-22,38.72657012939453
2018-10-23,39.02561950683594
2018-10-24,36.81080627441406
2018-10-25,38.53032302856445
2018-10-26,38.2219352722168
2018-10-29,37.838783264160156
2018-10-30,38.80133819580078
2018-10-31,39.79193115234375
2018-11-01,41.79180908203125
2018-11-02,42.50204086303711
2018-11-05,41.885257720947266
2018-11-06,41.89460372924805
2018-11-07,42.95061111450195
2018-11-08,42.27775573730469
2018-11-09,41.47032928466797
2018-11-12,39.960140228271484
2018-11-13,40.287227630615234
2018-11-14,39.80127716064453
2018-11-15,40.969425201416016
2018-11-16,40.81055450439453
2018-11-19,38.85740661621094
2018-11-20,38.14717102050781
2018-11-21,39.006935119628906
2018-11-23,38.97889709472656
2018-11-26,40.1377067565918
2018-11-27,39.745201110839844
2018-11-28,41.28716278076172
2018-11-29,41.165679931640625
2018-11-30,41.539485931396484
2018-12-03,42.54876708984375
2018-12-04,40.43674850463867
2018-12-06,40.68906784057617
2018-12-07,39.343360900878906
2018-12-10,39.75455093383789
2018-12-11,39.679786682128906
2018-12-12,40.4741325378418
2018-12-13,39.847999572753906
2018-12-14,39.03496551513672
2018-12-17,37.30609893798828
2018-12-18,37.2780647277832
2018-12-19,36.7080078125
2018-12-20,35.34360885620117
2018-12-21,33.50259780883789
2018-12-24,33.0259895324707
2018-12-26,35.06324768066406
2018-12-27,35.10955047607422
2018-12-28,35.466434478759766
2018-12-31,35.87154006958008
2019-01-02,36.093387603759766
2019-01-03,34.9069938659668
2019-01-04,37.06758117675781
2019-01-07,38.678375244140625
2019-01-08,38.794124603271484
2019-01-09,40.00945281982422
2019-01-10,40.212005615234375
2019-01-11,40.2988166809082
2019-01-14,39.575401306152344
2019-01-15,40.781089782714844
2019-01-16,40.81003189086914
2019-01-17,41.128326416015625
2019-01-18,41.282657623291016
2019-01-22,39.652565002441406
2019-01-23,39.25710678100586
2019-01-24,40.10590744018555
2019-01-25,41.06081008911133
2019-01-28,40.202362060546875
2019-01-29,39.7876091003418
2019-01-30,40.771446228027344
2019-01-31,41.52379608154297
2019-02-01,41.581668853759766
2019-02-04,42.2472038269043
2019-02-05,42.362945556640625
2019-02-06,42.40153121948242
2019-02-07,40.98365020751953
2019-02-08,41.465919494628906
2019-02-11,41.88067626953125
2019-02-12,42.68124771118164
2019-02-13,42.96097183227539
2019-02-14,43.076717376708984
2019-02-15,43.58792495727539
2019-02-19,43.61686325073242
2019-02-20,43.9737434387207
2019-02-21,43.115299224853516
2019-02-22,44.14736557006836
2019-02-25,44.745384216308594
2019-02-26,44.40779113769531
2019-02-27,45.063682556152344
2019-02-28,44.909358978271484
2019-03-01,45.140846252441406
2019-03-04,44.59105682373047
2019-03-05,44.71644973754883
2019-03-06,43.75189971923828
2019-03-07,42.989906311035156
2019-03-08,43.269622802734375
2019-03-11,44.77431869506836
2019-03-12,44.89971160888672
2019-03-13,45.27588653564453
2019-03-14,44.98651885986328
2019-03-15,45.32411575317383
2019-03-18,45.1890754699707
2019-03-19,45.31446838378906
2019-03-20,45.430213928222656
2019-03-21,46.365821838378906
2019-03-22,44.41743469238281
2019-03-25,44.32098388671875
2019-03-26,44.51389694213867
2019-03-27,44.031620025634766
2019-03-28,44.50424575805664
2019-03-29,45.073326110839844
2019-04-01,45.748512268066406
2019-04-02,46.11503982543945
2019-04-03,47.05065155029297
2019-04-04,46.42369842529297
2019-04-05,47.17604064941406
2019-04-08,47.079593658447266
2019-04-09,46.58766555786133
2019-04-10,47.24356460571289
2019-04-11,46.63589859008789
2019-04-12,46.74199676513672
2019-04-15,46.250083923339844
2019-04-16,46.56837844848633
2019-04-17,45.381980895996094
2019-04-18,45.420570373535156
2019-04-22,45.57489776611328
2019-04-23,46.71306610107422
2019-04-24,46.307952880859375
2019-04-25,45.89319610595703
2019-04-26,45.999290466308594
2019-04-29,46.09575653076172
2019-04-30,45.545963287353516
2019-05-01,45.12155532836914
2019-05-02,45.34340286254883
2019-05-03,46.674476623535156
2019-05-06,47.089237213134766
2019-05-07,45.62312698364258
2019-05-08,44.783966064453125
2019-05-09,44.39814758300781
2019-05-10,44.600704193115234
2019-05-13,42.1411018371582
2019-05-14,42.95132827758789
2019-05-15,43.4721794128418
2019-05-16,43.67473220825195
2019-05-17,42.40153121948242
2019-05-20,41.40804672241211
2019-05-21,42.34366226196289
2019-05-22,41.697410583496094
2019-05-23,40.54960250854492
2019-05-24,40.64604949951172
2019-05-28,40.40491485595703
2019-05-29,40.048038482666016
2019-05-30,40.32775115966797
2019-05-31,39.286041259765625
2019-06-03,38.716957092285156
2019-06-04,40.31810760498047
2019-06-05,40.61711883544922
2019-06-06,40.636409759521484
2019-06-07,41.67811965942383
2019-06-10,42.073585510253906
2019-06-11,41.76492691040039
2019-06-12,41.62024688720703
2019-06-13,42.1314582824707
2019-06-14,41.54308319091797
2019-06-17,42.83557891845703
2019-06-18,43.510765075683594
2019-06-19,43.66509246826172
2019-06-20,43.722965240478516
2019-06-21,43.82905960083008
2019-06-24,43.20210647583008
2019-06-25,42.88380432128906
2019-06-26,43.105655670166016
2019-06-27,44.19559097290039
2019-06-28,46.279014587402344
2019-07-01,46.22113800048828
2019-07-02,45.758155822753906
2019-07-03,46.356178283691406
2019-07-05,46.10539627075195
2019-07-08,45.67134475708008
2019-07-09,46.53944778442383
2019-07-10,46.857749938964844
2019-07-11,46.886680603027344
2019-07-12,46.74199676513672
2019-07-15,46.94455337524414
2019-07-16,46.655189514160156
2019-07-17,46.87703323364258
2019-07-18,47.09888458251953
2019-07-19,46.578025817871094
2019-07-22,47.01207733154297
2019-07-23,47.16640090942383
2019-07-24,48.150238037109375
2019-07-25,46.54908752441406
2019-07-26,47.60044479370117
2019-07-29,47.38825225830078
2019-07-30,47.851226806640625
2019-07-31,46.74199676513672
2019-08-01,46.028236389160156
2019-08-02,44.484954833984375
2019-08-05,42.59444046020508
2019-08-06,42.980262756347656
2019-08-07,43.530052185058594
2019-08-08,44.26310729980469
2019-08-09,43.66509246826172
2019-08-12,42.76227569580078
2019-08-13,43.62651062011719
2019-08-14,42.092872619628906
2019-08-15,42.01571273803711
2019-08-16,43.105655670166016
2019-08-19,43.935157775878906
2019-08-20,43.65544509887695
2019-08-21,44.041263580322266
2019-08-22,43.39501953125
2019-08-23,41.96748733520508
2019-08-26,42.23755645751953
2019-08-27,41.591312408447266
2019-08-28,41.84209442138672
2019-08-29,42.613731384277344
2019-08-30,42.7487678527832
2019-09-03,41.73599624633789
2019-09-04,41.80351257324219
2019-09-05,42.478694915771484
2019-09-06,42.38223648071289
2019-09-09,42.25685501098633
2019-09-10,42.777706146240234
2019-09-11,43.92552185058594
2019-09-12,43.88693618774414
2019-09-13,43.64579772949219
2019-09-16,43.79048156738281
2019-09-17,43.88693618774414
2019-09-18,43.44324493408203
2019-09-19,43.259979248046875
2019-09-20,43.15387725830078
2019-09-23,42.96097183227539
2019-09-24,41.51415252685547
2019-09-25,41.610599517822266
2019-09-26,41.54308319091797
2019-09-27,41.128326416015625
2019-09-30,41.369468688964844
2019-10-01,40.4145622253418
2019-10-02,39.8068962097168
2019-10-03,40.05767822265625
2019-10-04,40.482078552246094
2019-10-07,40.53995132446289
2019-10-08,39.17993927001953
2019-10-09,39.72972869873047
2019-10-10,39.81654357910156
2019-10-11,40.44350051879883
2019-10-14,40.76179885864258
2019-10-15,41.62024688720703
2019-10-16,41.282657623291016
2019-10-17,41.36078643798828
2019-10-18,40.44350051879883
2019-10-21,40.9064826965332
2019-10-22,40.44350051879883
2019-10-23,40.27952575683594
2019-10-24,41.137977600097656
2019-10-25,41.97713088989258
2019-10-28,43.05742263793945
2019-10-29,42.7487678527832
2019-10-30,42.7969970703125
2019-10-31,42.66196060180664
2019-11-01,43.62651062011719
2019-11-04,43.867645263671875
2019-11-05,43.78083419799805
2019-11-06,43.61686325073242
2019-11-07,43.607215881347656
2019-11-08,44.224525451660156
2019-11-11,44.67786407470703
2019-11-12,44.99616622924805
2019-11-13,44.72609329223633
2019-11-14,44.909358978271484
2019-11-15,45.719581604003906
2019-11-18,45.719581604003906
2019-11-19,46.73235321044922
2019-11-20,46.71306610107422
2019-11-21,46.44298553466797
2019-11-22,46.70341491699219
2019-11-25,47.90909957885742
2019-11-26,48.22740173339844
2019-11-27,48.44924545288086
2019-11-29,48.64215850830078
2019-12-02,47.22426986694336
2019-12-03,47.34966278076172
2019-12-04,47.44611740112305
2019-12-05,47.22426986694336
2019-12-06,47.70654296875
2019-12-09,47.31108474731445
2019-12-10,47.513633728027344
2019-12-11,47.23392105102539
2019-12-12,47.64867401123047
2019-12-13,47.359310150146484
2019-12-16,48.44924545288086
2019-12-17,48.40102005004883
2019-12-18,48.74825668334961
2019-12-19,49.066558837890625
2019-12-20,49.15336990356445
2019-12-23,49.76103210449219
2019-12-24,49.982879638671875
2019-12-26,49.934654235839844
2019-12-27,49.50965118408203
2019-12-30,48.15428161621094
2019-12-31,48.45439529418945
2020-01-02,48.890052795410156
2020-01-03,48.5318489074707
2020-01-06,48.90941619873047
2020-01-07,49.50965118408203
2020-01-08,50.62298583984375
2020-01-09,50.68107223510742
2020-01-10,50.31319046020508
2020-01-13,51.34907913208008
2020-01-14,51.56205749511719
2020-01-15,51.726646423339844
2020-01-16,52.288150787353516
2020-01-17,51.958988189697266
2020-01-21,51.88154220581055
2020-01-22,52.123573303222656
2020-01-23,52.08484649658203
2020-01-24,51.11672592163086
2020-01-27,50.1970100402832
2020-01-28,51.13608932495117
2020-01-29,51.165130615234375
2020-01-30,51.26194763183594
2020-01-31,50.14860534667969
2020-02-03,52.23974609375
2020-02-04,54.52450942993164
2020-02-05,53.75001525878906
2020-02-06,54.37928771972656
2020-02-07,54.059814453125
2020-02-10,55.07633972167969
2020-02-11,55.9476432800293
2020-02-12,56.47043228149414
2020-02-13,56.88671875
2020-02-14,56.81895446777344
2020-02-18,57.27397155761719
2020-02-19,58.445396423339844
2020-02-20,57.98069381713867
2020-02-21,56.74150085449219
2020-02-24,54.234073638916016
2020-02-25,52.375282287597656
2020-02-26,51.83313751220703
2020-02-27,50.06147384643555
2020-02-28,51.155452728271484
2020-03-02,52.35592269897461
2020-03-03,51.30067443847656
2020-03-04,53.04328536987305
2020-03-05,51.8040885925293
2020-03-06,50.448726654052734
2020-03-09,46.25676345825195
2020-03-10,48.45439529418945
2020-03-11,45.44354248046875
2020-03-12,39.721954345703125
2020-03-13,41.53234100341797
2020-03-16,35.065303802490234
2020-03-17,37.01122283935547
2020-03-18,33.584075927734375
2020-03-19,36.6046142578125
2020-03-20,36.64333724975586
2020-03-23,37.12739562988281
2020-03-24,40.806251525878906
2020-03-25,42.39397048950195
2020-03-26,44.50446701049805
2020-03-27,42.364925384521484
2020-03-30,43.17814254760742
2020-03-31,42.59727096557617
2020-04-01,38.9571418762207
2020-04-02,39.19917678833008
2020-04-03,38.918418884277344
2020-04-06,42.77153396606445
2020-04-07,42.81026077270508
2020-04-08,44.54319381713867
2020-04-09,45.782386779785156
2020-04-13,46.32453155517578
2020-04-14,48.77387619018555
2020-04-15,47.980018615722656
2020-04-16,48.98686218261719
2020-04-17,50.593936920166016
2020-04-20,51.11672592163086
2020-04-21,48.99654769897461
2020-04-22,50.74884033203125
2020-04-23,50.35190963745117
2020-04-24,51.368438720703125
2020-04-27,53.866188049316406
2020-04-28,52.32687759399414
2020-04-29,54.82462692260742
2020-04-30,53.566070556640625
2020-05-01,50.71011734008789
2020-05-04,52.578590393066406
2020-05-05,53.30467987060547
2020-05-06,53.566070556640625
2020-05-07,54.79558181762695
2020-05-08,56.44138717651367
2020-05-11,57.77738952636719
2020-05-12,56.305850982666016
2020-05-13,54.5341911315918
2020-05-14,54.45674133300781
2020-05-15,56.23808288574219
2020-05-18,57.97101593017578
2020-05-19,57.912925720214844
2020-05-20,59.84916687011719
2020-05-21,60.00407028198242
2020-05-22,60.75919723510742
2020-05-26,60.89474105834961
2020-05-27,60.51716995239258
2020-05-28,59.78139877319336
2020-05-29,60.81728744506836
2020-06-01,62.734169006347656
2020-06-02,63.50865936279297
2020-06-03,63.77005386352539
2020-06-04,61.91126251220703
2020-06-05,62.20170211791992
2020-06-08,63.28599548339844
2020-06-09,63.51834487915039
2020-06-10,64.3896484375
2020-06-11,59.607139587402344
2020-06-12,60.43003845214844
2020-06-15,62.57926559448242
2020-06-16,64.56391143798828
2020-06-17,64.37996673583984
2020-06-18,65.47394561767578
2020-06-19,65.86119842529297
2020-06-22,69.01726531982422
2020-06-23,70.09188079833984
2020-06-24,67.09070587158203
2020-06-25,68.32990264892578
2020-06-26,66.77123260498047
2020-06-29,67.14878845214844
2020-06-30,69.03662872314453
2020-07-01,71.15680694580078
2020-07-02,72.5509033203125
2020-07-06,75.27131652832031
2020-07-07,76.3265609741211
2020-07-08,78.1466293334961
2020-07-09,78.49515533447266
2020-07-10,78.31121826171875
2020-07-13,75.64888763427734
2020-07-14,76.30720520019531
2020-07-15,78.34993743896484
2020-07-16,77.21724700927734
2020-07-17,78.09822845458984
2020-07-20,81.35110473632812
2020-07-21,79.88924407958984
2020-07-22,79.89893341064453
2020-07-23,77.90460205078125
2020-07-24,76.31688690185547
2020-07-27,79.35678100585938
2020-07-28,76.82030487060547
2020-07-29,77.5173568725586
2020-07-30,77.83683776855469
2020-07-31,77.80780029296875
2020-08-03,81.01226806640625
2020-08-04,81.51569366455078
2020-08-05,82.8807373046875
2020-08-06,82.16433715820312
2020-08-07,79.8602066040039
2020-08-10,80.8089599609375
2020-08-11,78.97921752929688
2020-08-12,81.2736587524414
2020-08-13,83.02595520019531
2020-08-14,82.01911163330078
2020-08-17,84.83633422851562
2020-08-18,85.75605773925781
2020-08-19,86.02713012695312
2020-08-20,86.62735748291016
2020-08-21,86.9662094116211
2020-08-24,85.63988494873047
2020-08-25,86.64672088623047
2020-08-26,88.48616027832031
2020-08-27,87.87623596191406
2020-08-28,89.41554260253906
2020-08-31,92.29086303710938
2020-09-01,94.11093139648438
2020-09-02,93.87857818603516
2020-09-03,86.94683837890625
2020-09-04,84.27483367919922
2020-09-08,80.45075988769531
2020-09-09,83.81981658935547
2020-09-10,83.10340881347656
2020-09-11,82.6290283203125
2020-09-14,86.24978637695312
2020-09-15,88.90245056152344
2020-09-16,88.71849822998047
2020-09-17,86.4531021118164
2020-09-18,87.01460266113281
2020-09-21,87.69229888916016
2020-09-22,88.78627014160156
2020-09-23,85.14613342285156
2020-09-24,85.09774017333984
2020-09-25,87.85687255859375
2020-09-28,88.79595184326172
2020-09-29,89.8124771118164
2020-09-30,89.06702423095703
2020-10-01,91.52604675292969
2020-10-02,89.37682342529297
2020-10-05,92.83301544189453
2020-10-06,92.6200180053711
2020-10-07,96.04716491699219
2020-10-08,97.36380767822266
2020-10-09,99.48399353027344
2020-10-12,99.06770324707031
2020-10-13,101.48800659179688
2020-10-14,100.4617919921875
2020-10-15,99.55177307128906
2020-10-16,99.48399353027344
2020-10-19,98.9902572631836
2020-10-20,97.61553192138672
2020-10-21,94.82733917236328
2020-10-22,95.437255859375
2020-10-23,96.01811981201172
2020-10-26,94.10124206542969
2020-10-27,95.48565673828125
2020-10-28,91.72935485839844
2020-10-29,92.92982482910156
2020-10-30,87.89559936523438
2020-11-02,87.90528869628906
2020-11-03,90.19004821777344
2020-11-04,94.4013671875
2020-11-05,97.6058349609375
2020-11-06,98.82567596435547
2020-11-09,94.32391357421875
2020-11-10,91.73902893066406
2020-11-11,95.58247375488281
2020-11-12,95.73737335205078
2020-11-13,96.23111724853516
2020-11-16,96.36664581298828
2020-11-17,98.00277709960938
2020-11-18,97.79946899414062
2020-11-19,99.96805572509766
2020-11-20,101.55577087402344
2020-11-23,103.99542999267578
2020-11-24,102.75624084472656
2020-11-25,105.02164459228516
2020-11-27,108.21643829345703
2020-11-30,108.78762817382812
2020-12-01,109.16519165039062
2020-12-02,108.75857543945312
2020-12-03,110.63673400878906
2020-12-04,113.45396423339844
2020-12-07,116.83271026611328
2020-12-08,118.27519989013672
2020-12-09,116.155029296875
2020-12-10,121.20860290527344
2020-12-11,119.92100524902344
2020-12-14,120.28888702392578
2020-12-15,120.33729553222656
2020-12-16,119.99845123291016
2020-12-17,122.05086517333984
2020-12-18,123.24166107177734
2020-12-21,127.15286254882812
2020-12-22,130.7445831298828
2020-12-23,130.65745544433594
2020-12-24,128.7889862060547
2020-12-28,125.6619644165039
2020-12-29,122.28227233886719
2020-12-30,125.01670837402344
2020-12-31,122.4494857788086
2021-01-04,122.64620971679688
2021-01-05,125.6658935546875
2021-01-06,126.12818145751953
2021-01-07,136.11183166503906
2021-01-08,140.1446075439453
2021-01-11,135.95443725585938
2021-01-12,138.67904663085938
2021-01-13,139.39706420898438
2021-01-14,142.8987274169922
2021-01-15,139.58395385742188
2021-01-19,143.73480224609375
2021-01-20,144.69873046875
2021-01-21,142.43641662597656
2021-01-22,143.68560791015625
2021-01-25,144.26593017578125
2021-01-26,139.50527954101562
2021-01-27,136.0823211669922
2021-01-28,138.06919860839844
2021-01-29,135.18722534179688
2021-02-01,140.2823028564453
2021-02-02,144.48233032226562
2021-02-03,143.71511840820312
2021-02-04,145.9184112548828
2021-02-05,147.0102081298828
2021-02-08,150.79710388183594
2021-02-09,152.3905487060547
2021-02-10,150.59054565429688
2021-02-11,152.0364532470703
2021-02-12,154.0135040283203
2021-02-16,152.57742309570312
2021-02-17,149.67578125
2021-02-18,146.74462890625
2021-02-19,150.1085662841797
2021-02-22,141.42330932617188
2021-02-23,136.76100158691406
2021-02-24,136.0528106689453
2021-02-25,127.38720703125
2021-02-26,128.22328186035156
2021-03-01,134.4593505859375
2021-03-02,131.32162475585938
2021-03-03,123.059326171875
2021-03-04,116.48882293701172
2021-03-05,115.15110778808594
2021-03-08,108.4527359008789
2021-03-09,119.75439453125
2021-03-10,119.20358276367188
2021-03-11,126.57080078125
2021-03-12,124.60359191894531
2021-03-15,126.76753997802734
2021-03-16,123.95440673828125
2021-03-17,125.37080383300781
2021-03-18,118.10193634033203
2021-03-19,120.35440063476562
2021-03-22,122.67572021484375
2021-03-23,119.70521545410156
2021-03-24,112.89864349365234
2021-03-25,112.54454803466797
2021-03-26,112.1019287109375
2021-03-29,109.34781646728516
2021-03-30,112.54454803466797
2021-03-31,117.98390197753906
2021-04-01,118.86914825439453
2021-04-05,119.64620208740234
2021-04-06,121.80030822753906
2021-04-07,118.83964538574219
2021-04-08,122.105224609375
2021-04-09,121.23965454101562
2021-04-12,120.46260070800781
2021-04-13,125.46916198730469
2021-04-14,122.82325744628906
2021-04-15,124.5445785522461
2021-04-16,122.3412857055664
2021-04-19,118.46587371826172
2021-04-20,117.04947662353516
2021-04-21,119.82325744628906
2021-04-22,119.41997528076172
2021-04-23,121.67243957519531
2021-04-26,125.63639068603516
2021-04-27,124.1707992553711
2021-04-28,123.32489776611328
2021-04-29,119.76424407958984
2021-04-30,118.79045867919922
2021-05-03,114.99372863769531
2021-05-04,111.43306732177734
2021-05-05,109.72158813476562
2021-05-06,106.56420135498047
2021-05-07,107.92158508300781
2021-05-10,102.27567291259766
2021-05-11,104.3805923461914
2021-05-12,100.48550415039062
2021-05-13,97.84943389892578
2021-05-14,102.60025787353516
2021-05-17,101.61664581298828
2021-05-18,103.0723876953125
2021-05-19,101.28221893310547
2021-05-20,104.84288024902344
2021-05-21,104.10517120361328
2021-05-24,106.94781494140625
2021-05-25,107.587158203125
2021-05-26,109.60355377197266
2021-05-27,110.43962097167969
2021-05-28,110.2625732421875
2021-06-01,109.42650604248047
2021-06-02,109.4756851196289
2021-06-03,105.66911315917969
2021-06-04,107.71502685546875
2021-06-07,110.84290313720703
2021-06-08,111.27568817138672
2021-06-09,111.00028228759766
2021-06-10,113.08553314208984
2021-06-11,114.21668243408203
2021-06-14,116.39045715332031
2021-06-15,113.20355987548828
2021-06-16,112.65274810791016
2021-06-17,116.55767059326172
2021-06-18,116.95111083984375
2021-06-21,117.55111694335938
2021-06-22,119.03636169433594
2021-06-23,121.5052261352539
2021-06-24,123.2265396118164
2021-06-25,123.43309783935547
2021-06-28,128.09539794921875
2021-06-29,128.73475646972656
2021-06-30,128.63638305664062
2021-07-01,127.0429458618164
2021-07-02,126.04949188232422
2021-07-06,125.15441131591797
2021-07-07,122.22325897216797
2021-07-08,121.28882598876953
2021-07-09,123.56096649169922
2021-07-12,122.69538879394531
2021-07-13,120.26587677001953
2021-07-14,116.23307037353516
2021-07-15,114.4920883178711
2021-07-16,114.61995697021484
2021-07-19,115.357666015625
2021-07-20,118.78063201904297
2021-07-21,120.64949035644531
2021-07-22,119.71505737304688
2021-07-23,120.42324829101562
2021-07-26,119.60685729980469
2021-07-27,116.67570495605469
2021-07-28,119.36095428466797
2021-07-29,119.60685729980469
2021-07-30,118.03308868408203
2021-08-02,119.13472747802734
2021-08-03,118.24948120117188
2021-08-04,121.25932312011719
2021-08-05,123.51177978515625
2021-08-06,120.9937515258789
2021-08-09,122.65603637695312
2021-08-10,119.4494857788086
2021-08-11,119.31177520751953
2021-08-12,119.8527603149414
2021-08-13,118.13143920898438
2021-08-16,115.06259155273438
2021-08-17,113.99044799804688
2021-08-18,113.9412612915039
2021-08-19,111.98388671875
2021-08-20,113.90193176269531
2021-08-23,117.5216064453125
2021-08-24,119.07571411132812
2021-08-25,119.04619598388672
2021-08-26,117.20685577392578
2021-08-27,120.0298080444336
2021-08-30,120.77735137939453
2021-08-31,120.0298080444336
2021-09-01,121.69210815429688
2021-09-02,122.78392028808594
2021-09-03,123.01998138427734
2021-09-07,122.66588592529297
2021-09-08,119.18389892578125
2021-09-09,119.71505737304688
2021-09-10,118.48554229736328
2021-09-13,116.23307037353516
2021-09-14,114.9445571899414
2021-09-15,115.8888168334961
2021-09-16,116.62652587890625
2021-09-17,119.50849914550781
2021-09-20,114.2363510131836
2021-09-21,115.21996307373047
2021-09-22,116.17406463623047
2021-09-23,117.38389587402344
2021-09-24,115.21012115478516
2021-09-27,115.11176300048828
2021-09-28,110.30191040039062
2021-09-29,107.92158508300781
2021-09-30,108.71830749511719
2021-10-01,109.34781646728516
2021-10-04,105.43305969238281
2021-10-05,107.25273132324219
2021-10-06,108.13797760009766
2021-10-07,110.75437927246094
2021-10-08,108.78715515136719
2021-10-11,108.43305206298828
2021-10-12,109.9084701538086
2021-10-13,111.57077026367188
2021-10-14,113.68553161621094
2021-10-15,113.90193176269531
2021-10-18,115.13143920898438
2021-10-19,117.63963317871094
2021-10-20,116.75438690185547
2021-10-21,117.69866180419922
2021-10-22,115.81996154785156
2021-10-25,119.81340789794922
2021-10-26,119.21341705322266
2021-10-27,116.73472595214844
2021-10-28,119.7740707397461
2021-10-29,119.29209899902344
2021-11-01,123.06916046142578
2021-11-02,121.07243347167969
2021-11-03,122.59703063964844
2021-11-04,122.35112762451172
2021-11-05,120.2855453491211
2021-11-08,121.37735748291016
2021-11-09,118.59374237060547
2021-11-10,114.62979888916016
2021-11-11,115.41667938232422
2021-11-12,116.54783630371094
2021-11-15,115.60356903076172
2021-11-16,116.97077941894531
2021-11-17,114.80684661865234
2021-11-18,111.95437622070312
2021-11-19,111.3838882446289
2021-11-22,106.71173858642578
2021-11-23,104.22321319580078
2021-11-24,106.0035400390625
2021-11-26,105.36420440673828
2021-11-29,105.16747283935547
2021-11-30,103.9576416015625
2021-12-01,96.98384857177734
2021-12-02,97.39696502685547
2021-12-03,91.9969482421875
2021-12-06,93.3936767578125
2021-12-07,98.46910095214844
2021-12-08,101.52812194824219
2021-12-09,96.12811279296875
2021-12-10,94.59367370605469
2021-12-13,92.95105743408203
2021-12-14,91.88874816894531
2021-12-15,93.86580657958984
2021-12-16,90.36416625976562
2021-12-17,95.60679626464844
2021-12-20,93.17728424072266
2021-12-21,96.75762176513672
2021-12-22,96.64942169189453
2021-12-23,97.4461441040039
2021-12-27,95.81336212158203
2021-12-28,94.06253051757812
2021-12-29,93.05394744873047
2021-12-30,95.90020751953125
2021-12-31,93.80765533447266
2022-01-03,96.18780517578125
2022-01-04,91.92337799072266
2022-01-05,85.40771484375
2022-01-06,84.87218475341797
2022-01-07,83.72177124023438
2022-01-10,83.93995666503906
2022-01-11,86.26060485839844
2022-01-12,83.86061096191406
2022-01-13,79.31849670410156
2022-01-14,79.57634735107422
2022-01-18,76.27389526367188
2022-01-19,75.12348175048828
2022-01-20,75.24249267578125
2022-01-21,70.928466796875
2022-01-24,72.9317626953125
2022-01-25,70.21442413330078
2022-01-26,68.45906066894531
2022-01-27,65.7813949584961
2022-01-28,68.34005737304688
2022-01-31,74.8061294555664
2022-02-01,76.4424819946289
2022-02-02,72.53507232666016
2022-02-03,68.46897888183594
2022-02-04,72.1482925415039
2022-02-07,71.88053131103516
2022-02-08,71.79127502441406
2022-02-09,75.48050689697266
2022-02-10,73.14994049072266
2022-02-11,71.30532836914062
2022-02-14,70.79954528808594
2022-02-15,74.6573715209961
2022-02-16,72.26730346679688
2022-02-17,67.61609649658203
2022-02-18,64.26405334472656
2022-02-22,62.8657112121582
2022-02-23,60.37647247314453
2022-02-24,65.0772705078125
2022-02-25,67.25907135009766
2022-02-28,69.88715362548828
2022-03-01,67.7450180053711
2022-03-02,67.001220703125
2022-03-03,62.73678207397461
2022-03-04,59.73184585571289
2022-03-07,57.56987762451172
2022-03-08,58.135162353515625
2022-03-09,61.19960403442383
2022-03-10,59.04755401611328
2022-03-11,55.12030792236328
2022-03-14,51.85751724243164
2022-03-15,53.940147399902344
2022-03-16,59.543418884277344
2022-03-17,62.409515380859375
2022-03-18,65.22602081298828
2022-03-21,63.450828552246094
2022-03-22,66.41609954833984
2022-03-23,65.1268539428711
2022-03-24,65.85081481933594
2022-03-25,63.97644805908203
2022-03-28,66.50535583496094
2022-03-29,70.79954528808594
2022-03-30,68.1119613647461
2022-03-31,65.7417221069336
2022-04-01,66.98138427734375
2022-04-04,69.91690063476562
2022-04-05,65.9301528930664
2022-04-06,62.87562942504883
2022-04-07,62.141746520996094
2022-04-08,60.148372650146484
2022-04-11,59.34507369995117
2022-04-12,59.34507369995117
2022-04-13,61.21944046020508
2022-04-14,58.50210189819336
2022-04-18,56.87566375732422
2022-04-19,59.176475524902344
2022-04-20,55.66575622558594
2022-04-21,52.898834228515625
2022-04-22,52.0261116027832
2022-04-25,53.90047836303711
2022-04-26,50.260833740234375
2022-04-27,49.15009689331055
2022-04-28,48.46580123901367
2022-04-29,46.740196228027344
2022-05-02,49.71538162231445
2022-05-03,49.4575309753418
2022-05-04,51.996360778808594
2022-05-05,47.35506820678711
2022-05-06,45.252601623535156
2022-05-09,40.78982162475586
2022-05-10,40.740234375
2022-05-11,36.62455749511719
2022-05-12,38.66752243041992
2022-05-13,43.23938751220703
2022-05-16,40.680728912353516
2022-05-17,42.72369384765625
2022-05-18,40.82948684692383
2022-05-19,42.674102783203125
2022-05-20,42.05923080444336
2022-05-23,41.791465759277344
2022-05-24,38.88570022583008
2022-05-25,40.69064712524414
2022-05-26,42.27741241455078
2022-05-27,45.034420013427734
2022-05-31,43.725337982177734
2022-06-01,42.14848709106445
2022-06-02,45.252601623535156
2022-06-03,42.80302810668945
2022-06-06,43.13030242919922
2022-06-07,44.409629821777344
2022-06-08,45.609622955322266
2022-06-09,42.84270095825195
2022-06-10,39.778255462646484
2022-06-13,36.2774543762207
2022-06-14,36.68406295776367
2022-06-15,39.09395980834961
2022-06-16,36.67414474487305
2022-06-17,38.47909164428711
2022-06-21,40.16503143310547
2022-06-22,40.76998519897461
2022-06-23,43.66583251953125
2022-06-24,45.45094680786133
2022-06-27,44.429466247558594
2022-06-28,41.82121658325195
2022-06-29,41.16667556762695
2022-06-30,39.5501594543457
2022-07-01,40.87907791137695
2022-07-05,44.598060607910156
2022-07-06,43.596412658691406
2022-07-07,46.44267654418945
2022-07-08,46.47242736816406
2022-07-11,43.25922393798828
2022-07-12,43.953433990478516
2022-07-13,43.64599609375
2022-07-14,42.74352264404297
2022-07-15,43.745174407958984
2022-07-18,43.60633087158203
2022-07-19,45.42119216918945
2022-07-20,47.72200393676758
2022-07-21,48.555057525634766
2022-07-22,45.86747360229492
2022-07-25,45.272438049316406
2022-07-26,43.11046600341797
2022-07-27,45.99639892578125
2022-07-28,45.79805374145508
2022-07-29,44.756736755371094
2022-08-01,45.312103271484375
2022-08-02,46.52201461791992
2022-08-03,49.34844207763672
2022-08-04,49.75505065917969
2022-08-05,49.65587615966797
2022-08-08,50.37984085083008
2022-08-09,47.632747650146484
2022-08-10,51.143470764160156
2022-08-11,49.507118225097656
2022-08-12,51.579830169677734
2022-08-15,51.75834274291992
2022-08-16,50.32033920288086
2022-08-17,47.632747650146484
2022-08-18,47.10713577270508
2022-08-19,44.32037353515625
2022-08-22,43.24930953979492
2022-08-23,43.01129150390625
2022-08-24,44.1319465637207
2022-08-25,45.40135955810547
2022-08-26,42.48567581176758
2022-08-29,41.781551361083984
2022-08-30,41.56336975097656
2022-08-31,41.53361892700195
2022-09-01,41.374942779541016
2022-09-02,40.25428771972656
2022-09-06,39.7584228515625
2022-09-07,41.127010345458984
2022-09-08,42.34683609008789
2022-09-09,44.231117248535156
2022-09-12,45.302188873291016
2022-09-13,42.22782897949219
2022-09-14,43.38814926147461
2022-09-15,44.3402099609375
2022-09-16,42.22782897949219
2022-09-19,42.138572692871094
2022-09-20,41.09725570678711
2022-09-21,40.00635528564453
2022-09-22,38.2906608581543
2022-09-23,37.51711654663086
2022-09-26,37.12042236328125
2022-09-27,37.89397048950195
2022-09-28,39.65924835205078
2022-09-29,37.487361907958984
2022-09-30,37.417938232421875
2022-10-03,37.5865364074707
2022-10-04,40.452632904052734
2022-10-05,39.70883560180664
2022-10-06,39.8377571105957
2022-10-07,37.2195930480957
2022-10-10,35.9997673034668
2022-10-11,35.35514450073242
2022-10-12,35.82125473022461
2022-10-13,35.741920471191406
2022-10-14,33.7088737487793
2022-10-17,36.079105377197266
2022-10-18,36.66422653198242
2022-10-19,35.087379455566406
2022-10-20,34.95845031738281
2022-10-21,35.58324432373047
2022-10-24,35.136962890625
2022-10-25,37.49728012084961
2022-10-26,37.57661819458008
2022-10-27,37.55678176879883
2022-10-28,38.56834411621094
2022-10-31,37.9633903503418
2022-11-01,37.97330856323242
2022-11-02,36.138607025146484
2022-11-03,35.900596618652344
2022-11-04,34.92870330810547
2022-11-07,34.70060348510742
2022-11-08,34.56175994873047
2022-11-09,32.30061721801758
2022-11-10,36.99149703979492
2022-11-11,40.06585693359375
2022-11-14,38.58818054199219
2022-11-15,39.6394157409668
2022-11-16,37.59645080566406
2022-11-17,36.812984466552734
2022-11-18,36.25761795043945
2022-11-21,34.90886688232422
2022-11-22,35.0179557800293
2022-11-23,36.01960372924805
2022-11-25,35.702247619628906
2022-11-28,34.70060348510742
2022-11-29,34.51217269897461
2022-11-30,37.17000961303711
2022-12-01,37.5865364074707
2022-12-02,37.844383239746094
2022-12-05,35.771671295166016
2022-12-06,34.33366012573242
2022-12-07,34.065895080566406
2022-12-08,34.869197845458984
2022-12-09,34.3634147644043
2022-12-12,35.0179557800293
2022-12-13,34.99812316894531
2022-12-14,34.64109802246094
2022-12-15,32.94524383544922
2022-12-16,32.98490905761719
2022-12-19,31.953514099121094
2022-12-20,31.9039249420166
2022-12-21,32.43946075439453
2022-12-22,31.338642120361328
2022-12-23,30.713850021362305
2022-12-27,29.533695220947266
2022-12-28,29.394851684570312
2022-12-29,30.91219711303711
2022-12-30,30.981618881225586
2023-01-03,30.20806884765625
2023-01-04,31.517152786254883
2023-01-05,30.763439178466797
2023-01-06,31.110544204711914
2023-01-09,32.53863525390625
2023-01-10,33.34193420410156
2023-01-11,34.472503662109375
2023-01-12,35.196468353271484
2023-01-13,35.69233322143555
2023-01-17,36.733646392822266
2023-01-18,35.65266418457031
2023-01-19,34.50225830078125
2023-01-20,36.19811248779297
2023-01-23,37.76504898071289
2023-01-24,37.17000961303711
2023-01-25,37.19975662231445
2023-01-26,37.95347595214844
2023-01-27,40.055938720703125
2023-01-30,38.19148635864258
2023-01-31,39.59974670410156
2023-02-01,41.34518814086914
2023-02-02,44.04269027709961
2023-02-03,42.4955940246582
2023-02-06,41.89064025878906
2023-02-07,42.62451934814453
2023-02-08,41.394775390625
2023-02-09,40.16503143310547
2023-02-10,38.82619857788086
2023-02-13,39.49065399169922
2023-02-14,40.482383728027344
2023-02-15,42.86253356933594
2023-02-16,41.67245864868164
2023-02-17,41.5137825012207
2023-02-21,38.9848747253418
2023-02-22,39.93693161010742
2023-02-23,39.33197784423828
2023-02-24,38.122066497802734
2023-02-27,38.498924255371094
2023-02-28,39.29230880737305
2023-03-01,38.37991714477539
2023-03-02,38.85594940185547
2023-03-03,40.12535858154297
2023-03-06,39.29230880737305
2023-03-07,38.63776779174805
2023-03-08,38.58818054199219
2023-03-09,36.9815788269043
2023-03-10,35.722084045410156
2023-03-13,36.67414474487305
2023-03-14,37.457611083984375
2023-03-15,37.755126953125
2023-03-16,38.91545486450195
2023-03-17,38.360084533691406
2023-03-20,37.90388870239258
2023-03-21,40.00635528564453
2023-03-22,38.072479248046875
2023-03-23,37.487361907958984
2023-03-24,37.417938232421875
2023-03-27,37.447689056396484
2023-03-28,36.88240432739258
2023-03-29,38.27082824707031
2023-03-30,38.16173553466797
2023-03-31,40.00635528564453
2023-04-03,39.25263977050781
2023-04-04,39.044376373291016
2023-04-05,37.65595626831055
2023-04-06,38.25099182128906
2023-04-10,38.21132278442383
2023-04-11,38.4493408203125
2023-04-12,37.33860397338867
2023-04-13,38.83611297607422
2023-04-14,38.469173431396484
2023-04-17,38.64768600463867
2023-04-18,38.56834411621094
2023-04-19,38.53859329223633
2023-04-20,37.080753326416016
2023-04-21,37.31876754760742
2023-04-24,36.812984466552734
2023-04-25,35.61299514770508
2023-04-26,34.92870330810547
2023-04-27,35.40473175048828
2023-04-28,35.62290954589844
2023-05-01,35.444400787353516
2023-05-02,34.61134719848633
2023-05-03,34.472503662109375
2023-05-04,35.444400787353516
2023-05-05,37.080753326416016
2023-05-08,37.50719451904297
2023-05-09,37.93363952636719
2023-05-10,38.469173431396484
2023-05-11,38.53859329223633
2023-05-12,37.36835479736328
2023-05-15,38.25099182128906
2023-05-16,37.3088493347168
2023-05-17,38.26091384887695
2023-05-18,38.796443939208984
2023-05-19,38.37991714477539
2023-05-22,40.24436950683594
2023-05-23,39.371646881103516
2023-05-24,39.13363265991211
2023-05-25,38.062564849853516
2023-05-26,38.776607513427734
2023-05-30,39.48073959350586
2023-05-31,40.155113220214844
2023-06-01,40.76998519897461
2023-06-02,41.27576446533203
2023-06-05,41.712127685546875
2023-06-06,42.32699966430664
2023-06-07,41.90055465698242
2023-06-08,42.32699966430664
2023-06-09,42.15840530395508
2023-06-12,42.922035217285156
2023-06-13,43.923683166503906
2023-06-14,43.705501556396484
2023-06-15,44.17161560058594
2023-06-16,43.943519592285156
2023-06-20,43.89392852783203
2023-06-21,42.30716323852539
2023-06-22,42.317081451416016
2023-06-23,41.791465759277344
2023-06-26,41.55345153808594
2023-06-27,42.96170425415039
2023-06-28,43.81459426879883
2023-06-29,43.427818298339844
2023-06-30,43.774925231933594
2023-07-03,44.74681854248047
2023-07-05,44.58814239501953
2023-07-06,42.88236999511719
2023-07-07,43.368316650390625
2023-07-10,44.9947509765625
2023-07-11,46.66085433959961
2023-07-12,47.08729934692383
2023-07-13,49.21951675415039
2023-07-14,48.16828536987305
2023-07-17,49.26910400390625
2023-07-18,49.44761657714844
2023-07-19,50.231082916259766
2023-07-20,47.36498260498047
2023-07-21,47.53357696533203
2023-07-24,47.017879486083984
2023-07-25,46.87903594970703
2023-07-26,47.880680084228516
2023-07-27,46.48234558105469
2023-07-28,49.03108596801758
2023-07-31,50.032737731933594
2023-08-01,49.04100799560547
2023-08-02,46.3038330078125
2023-08-03,45.80796813964844
2023-08-04,45.004669189453125
2023-08-07,44.776573181152344
2023-08-08,44.53855514526367
2023-08-09,42.93195724487305
2023-08-10,42.62451934814453
2023-08-11,42.396419525146484
2023-08-14,42.56501388549805
2023-08-15,41.82121658325195
2023-08-16,40.89891052246094
2023-08-17,39.90718078613281
2023-08-18,40.046024322509766
2023-08-21,40.760066986083984
2023-08-22,40.67081069946289
2023-08-23,41.612953186035156
2023-08-24,40.13528060913086
2023-08-25,40.63114547729492
2023-08-28,40.740234375
2023-08-29,42.95178985595703
2023-08-30,43.24930953979492
2023-08-31,43.38814926147461
2023-09-01,43.25922393798828
2023-09-05,43.64599609375
2023-09-06,43.8046760559082
2023-09-07,43.64599609375
2023-09-08,43.68000030517578
2023-09-11,44.599998474121094
2023-09-12,44.0099983215332
2023-09-13,43.43000030517578
2023-09-14,43.61000061035156
2023-09-15,43.060001373291016
2023-09-18,42.0099983215332
2023-09-19,41.5099983215332
2023-09-20,40.779998779296875
2023-09-21,39.540000915527344
2023-09-22,38.81999969482422
2023-09-25,38.79999923706055
2023-09-26,38.43000030517578
2023-09-27,38.68000030517578
2023-09-28,39.119998931884766
2023-09-29,39.66999816894531
2023-10-02,39.040000915527344
2023-10-03,37.970001220703125
2023-10-04,38.529998779296875
2023-10-05,38.540000915527344
2023-10-06,39.209999084472656
2023-10-09,39.36000061035156
2023-10-10,40.189998626708984
2023-10-11,39.900001525878906
2023-10-12,38.47999954223633
2023-10-13,37.77000045776367
2023-10-16,38.529998779296875
2023-10-17,39.18000030517578
2023-10-18,37.43000030517578
2023-10-19,36.61000061035156
2023-10-20,36.029998779296875
2023-10-23,36.11000061035156
2023-10-24,37.16999816894531
2023-10-25,35.220001220703125
2023-10-26,34.7599983215332
2023-10-27,34.099998474121094
2023-10-30,34.290000915527344
2023-10-31,35.08000183105469
2023-11-01,35.310001373291016
2023-11-02,38.279998779296875
2023-11-03,40.439998626708984
2023-11-06,39.77000045776367
2023-11-07,40.90999984741211
2023-11-08,40.34000015258789
2023-11-09,39.09000015258789
2023-11-10,39.72999954223633
2023-11-13,39.90999984741211
2023-11-14,41.95000076293945
2023-11-15,43.0099983215332
2023-11-16,42.209999084472656
2023-11-17,43.70000076293945
2023-11-20,44.880001068115234
2023-11-21,43.869998931884766
2023-11-22,44.31999969482422
2023-11-24,44.880001068115234
2023-11-27,45.45000076293945
2023-11-28,46.70000076293945
2023-11-29,46.900001525878906
2023-11-30,46.11000061035156
2023-12-01,48.43000030517578
2023-12-04,48.689998626708984
2023-12-05,48.2599983215332
2023-12-06,48.040000915527344
2023-12-07,48.290000915527344
2023-12-08,49.18000030517578
2023-12-11,48.529998779296875
2023-12-12,48.380001068115234
2023-12-13,50.16999816894531
2023-12-14,52.02000045776367
2023-12-15,51.11000061035156
2023-12-18,51.06999969482422
2023-12-19,53.18000030517578
2023-12-20,51.0099983215332
2023-12-21,52.310001373291016
2023-12-22,53.0099983215332
2023-12-26,53.790000915527344
2023-12-27,54.2599983215332
2023-12-28,54.13999938964844
2023-12-29,52.369998931884766
2024-01-02,50.5
2024-01-03,48.52000045776367
2024-01-04,48.90999984741211
2024-01-05,48.900001525878906
2024-01-08,50.279998779296875
2024-01-09,49.5
2024-01-10,49.349998474121094
2024-01-11,48.18000030517578
2024-01-12,47.380001068115234
2024-01-16,46.7599983215332
2024-01-17,45.91999816894531
2024-01-18,45.65999984741211
2024-01-19,46.279998779296875
2024-01-22,47.33000183105469
2024-01-23,47.380001068115234
2024-01-24,46.279998779296875
2024-01-25,45.81999969482422
2024-01-26,45.91999816894531
2024-01-29,48.11000061035156
2024-01-30,46.86000061035156
2024-01-31,45.40999984741211
2024-02-01,46.029998779296875
2024-02-02,46.65999984741211
2024-02-05,45.20000076293945
2024-02-06,46.70000076293945
2024-02-07,47.16999816894531
2024-02-08,48.439998626708984
2024-02-09,49.59000015258789
2024-02-12,50.720001220703125
2024-02-13,47.880001068115234
2024-02-14,50.5
2024-02-15,51.63999938964844
2024-02-16,50.33000183105469
2024-02-20,48.689998626708984
2024-02-21,47.310001373291016
2024-02-22,48.47999954223633
2024-02-23,48.40999984741211
2024-02-26,50.08000183105469
2024-02-27,51.540000915527344
2024-02-28,51.15999984741211
2024-02-29,51.25
2024-03-01,51.13999938964844
2024-03-04,50.68000030517578
2024-03-05,48.900001525878906
2024-03-06,49.68000030517578
2024-03-07,50.25
2024-03-08,50.75
2024-03-11,50.650001525878906
2024-03-12,50.25
2024-03-13,50.36000061035156
2024-03-14,48.7400016784668
2024-03-15,48.65999984741211
2024-03-18,48.790000915527344
2024-03-19,48.5099983215332
2024-03-20,50.209999084472656
2024-03-21,50.529998779296875
2024-03-22,49.40999984741211
2024-03-25,50.25
2024-03-26,50.029998779296875
2024-03-27,50.11000061035156
2024-03-28,50.08000183105469
2024-04-01,49.2400016784668
2024-04-02,47.779998779296875
2024-04-03,47.91999816894531
2024-04-04,47.27000045776367
2024-04-05,47.119998931884766
2024-04-08,48.099998474121094
2024-04-09,48.619998931884766
2024-04-10,47.4900016784668
2024-04-11,48.20000076293945
2024-04-12,46.5099983215332
2024-04-15,44.380001068115234
2024-04-16,43.650001525878906
2024-04-17,43.02000045776367
2024-04-18,42.90999984741211
2024-04-19,42.0
2024-04-22,42.599998474121094
2024-04-23,43.869998931884766
2024-04-24,43.900001525878906
2024-04-25,43.61000061035156
2024-04-26,44.06999969482422
2024-04-29,45.130001068115234
2024-04-30,43.459999084472656
2024-05-01,43.81999969482422
2024-05-02,44.93000030517578
2024-05-03,45.470001220703125
2024-05-06,46.5
2024-05-07,45.54999923706055
2024-05-08,44.43000030517578
2024-05-09,44.15999984741211
2024-05-10,42.91999816894531
2024-05-13,44.16999816894531
2024-05-14,45.119998931884766
2024-05-15,45.77000045776367
2024-05-16,44.959999084472656
2024-05-17,45.45000076293945
2024-05-20,45.599998474121094
2024-05-21,45.20000076293945
2024-05-22,44.9900016784668
2024-05-23,43.61000061035156
2024-05-24,44.380001068115234
2024-05-28,44.029998779296875
2024-05-29,43.47999954223633
2024-05-30,42.790000915527344
2024-05-31,42.45000076293945
2024-06-03,42.97999954223633
2024-06-04,43.22999954223633
2024-06-05,44.150001525878906
2024-06-06,44.7599983215332
2024-06-07,43.79999923706055
2024-06-10,44.150001525878906
2024-06-11,44.15999984741211
2024-06-12,45.08000183105469
2024-06-13,44.380001068115234
2024-06-14,43.869998931884766
2024-06-17,44.130001068115234
2024-06-18,43.68000030517578
2024-06-20,43.369998931884766
2024-06-21,43.31999969482422
2024-06-24,43.2400016784668
2024-06-25,43.33000183105469
2024-06-26,43.58000183105469
2024-06-27,44.0099983215332
2024-06-28,43.95000076293945
2024-07-01,44.45000076293945
2024-07-02,44.81999969482422
2024-07-03,45.61000061035156
2024-07-05,45.95000076293945
2024-07-08,45.88999938964844
2024-07-09,46.04999923706055
2024-07-10,45.95000076293945
2024-07-11,45.709999084472656
2024-07-12,46.790000915527344
2024-07-15,47.70000076293945
2024-07-16,49.400001525878906
2024-07-17,48.43000030517578
2024-07-18,46.56999969482422
2024-07-19,46.630001068115234
2024-07-22,47.65999984741211
2024-07-23,47.7599983215332
2024-07-24,44.709999084472656
2024-07-25,45.189998626708984
2024-07-26,45.779998779296875
2024-07-29,45.93000030517578
2024-07-30,44.959999084472656
2024-07-31,45.529998779296875
2024-08-01,43.209999084472656
2024-08-02,41.209999084472656
2024-08-05,39.59000015258789
2024-08-06,40.20000076293945
2024-08-07,39.470001220703125
2024-08-08,41.290000915527344
2024-08-09,41.459999084472656
2024-08-12,40.91999816894531
2024-08-13,42.59000015258789
2024-08-14,41.90999984741211
2024-08-15,43.91999816894531
2024-08-16,44.09000015258789
2024-08-19,45.09000015258789
2024-08-20,44.540000915527344
2024-08-21,45.61000061035156
2024-08-22,44.25
2024-08-23,46.2400016784668
2024-08-26,45.72999954223633
2024-08-27,45.41999816894531
2024-08-28,44.27000045776367
2024-08-29,44.68000030517578
2024-08-30,44.81999969482422
2024-09-03,42.97999954223633
2024-09-04,42.869998931884766
2024-09-05,43.599998474121094
2024-09-06,41.59000015258789
2024-09-09,42.63999938964844
2024-09-10,43.290000915527344
2024-09-11,44.22999954223633
2024-09-12,44.97999954223633
2024-09-13,45.7599983215332
2024-09-16,45.689998626708984
2024-09-17,46.060001373291016
2024-09-18,46.18000030517578
2024-09-19,47.41999816894531
2024-09-20,46.900001525878906
2024-09-23,46.939998626708984
2024-09-24,47.45000076293945
2024-09-25,46.86000061035156
2024-09-26,47.27000045776367
2024-09-27,47.880001068115234
2024-09-30,47.529998779296875
2024-10-01,46.18000030517578
2024-10-02,45.869998931884766
2024-10-03,45.38999938964844
2024-10-04,46.54999923706055
2024-10-07,45.90999984741211
2024-10-08,46.63999938964844
2024-10-09,46.650001525878906
2024-10-10,46.16999816894531
2024-10-11,46.63999938964844
2024-10-14,47.369998931884766
2024-10-15,47.290000915527344
2024-10-16,47.689998626708984
2024-10-17,47.040000915527344
2024-10-18,48.029998779296875
2024-10-21,47.380001068115234
2024-10-22,47.150001525878906
2024-10-23,45.7599983215332
2024-10-24,47.380001068115234
2024-10-25,47.66999816894531
2024-10-28,48.400001525878906
2024-10-29,48.40999984741211
2024-10-30,48.22999954223633
2024-10-31,45.88999938964844
2024-11-01,46.63999938964844
2024-11-04,46.68000030517578
2024-11-05,48.189998626708984
2024-11-06,52.13999938964844
2024-11-07,52.689998626708984
2024-11-08,54.06999969482422
2024-11-11,57.849998474121094
2024-11-12,56.810001373291016
2024-11-13,55.84000015258789
2024-11-14,53.849998474121094
2024-11-15,53.459999084472656
2024-11-18,55.11000061035156
2024-11-19,55.91999816894531
2024-11-20,55.279998779296875
2024-11-21,54.77000045776367
2024-11-22,56.209999084472656
2024-11-25,57.029998779296875
2024-11-26,56.20000076293945
2024-11-27,57.150001525878906
2024-11-29,57.97999954223633
2024-12-02,59.470001220703125
2024-12-03,58.9900016784668
2024-12-04,60.83000183105469
2024-12-05,60.380001068115234
2024-12-06,62.900001525878906
2024-12-09,61.310001373291016
2024-12-10,60.59000015258789
2024-12-11,61.810001373291016
2024-12-12,60.91999816894531
2024-12-13,61.33000183105469
2024-12-16,62.939998626708984
2024-12-17,62.97999954223633
2024-12-18,58.560001373291016
2024-12-19,58.16999816894531
2024-12-20,59.400001525878906
2024-12-23,59.2400016784668
2024-12-24,60.959999084472656
2024-12-26,60.959999084472656
2024-12-27,59.27000045776367
2024-12-30,57.61000061035156
