Date,QQQ
2014-11-03,0.29586751490411345
2014-11-04,-0.03942502878011567
2014-11-05,-0.02955242621660581
2014-11-06,0.28601125770908453
2014-11-07,0.1972722522168846
2014-11-10,0.552301828343893
2014-11-11,0.8678736849538238
2014-11-12,1.0453680413067046
2014-11-13,1.4793048837836054
2014-11-14,1.7948930857620171
2014-11-17,1.4891938317155962
2014-11-18,2.2485424426289757
2014-11-19,1.7850368285669882
2014-11-20,2.238637149328504
2014-11-21,2.435901228861148
2014-11-24,3.2347320773443045
2014-11-25,3.39252209199139
2014-11-26,4.06313169741257
2014-11-28,4.546366171233074
2014-12-01,3.3629206296693415
2014-12-02,3.7771286123877035
2014-12-03,3.9645200893568378
2014-12-04,3.915238803381693
2014-12-05,3.925046024471257
2014-12-08,3.1854099279479353
2014-12-09,3.510854387121376
2014-12-10,1.8836484366226758
2014-12-11,2.366866565074721
2014-12-12,1.2524883780343332
2014-12-15,0.20712033672762864
2014-12-16,-1.4003649266967844
2014-12-17,0.3945118136967629
2014-12-18,2.810659664746651
2014-12-19,3.263074946293165
2014-12-22,3.520440945736447
2014-12-23,3.154173928777637
2014-12-24,3.2432807050607027
2014-12-26,3.975757530188617
2014-12-29,3.9559387709034333
2014-12-30,3.263074946293165
2014-12-31,2.2038787232501633
2015-01-02,1.897043466094206
2015-01-05,0.40232489983147435
2015-01-06,-0.9438796483980605
2015-01-07,0.33302053746511184
2015-01-08,2.2533970170682815
2015-01-09,1.5802620522165522
2015-01-12,0.5211148652789932
2015-01-13,0.4913989853775558
2015-01-14,-0.06290515060544122
2015-01-15,-1.3596404411223006
2015-01-16,-0.20149752996967418
2015-01-20,0.5904192276453335
2015-01-21,1.1051348811633943
2015-01-22,2.9760094123169267
2015-01-23,3.2036431864902903
2015-01-26,3.0848695664112524
2015-01-27,0.41221384776342074
2015-01-28,-0.10250997843889165
2015-01-29,0.8576578296520809
2015-01-30,0.07567905607448466
2015-02-02,0.9467237425139219
2015-02-03,1.9168213619580987
2015-02-04,1.8277309310435141
2015-02-05,2.708713601520385
2015-02-06,2.0851051031710144
2015-02-09,1.758434741361392
2015-02-10,3.3422519112229487
2015-02-11,3.7183588400083067
2015-02-12,4.9260363903475435
2015-02-13,5.826805129372636
2015-02-17,5.925784508219234
2015-02-18,6.074290353568168
2015-02-19,6.598878609649761
2015-02-20,7.3116020569664375
2015-02-23,7.420494901797725
2015-02-24,7.499680039411838
2015-02-25,7.232425092036565
2015-02-26,7.776840280087582
2015-02-27,7.301696763665966
2015-03-02,8.271761692373204
2015-03-03,7.766926814102892
2015-03-04,7.351198712115625
2015-03-05,7.539260349192545
2015-03-06,6.321718368974039
2015-03-09,6.6286108349197015
2015-03-10,4.648851631619122
2015-03-11,4.045029201817973
2015-03-12,4.728020423864754
2015-03-13,4.272712012096802
2015-03-16,5.618916560326359
2015-03-17,5.7871921288550565
2015-03-18,6.826577765297137
2015-03-19,6.984939867841122
2015-03-20,7.67748495776599
2015-03-23,7.469114200349414
2015-03-24,7.082202982997043
2015-03-25,4.631574577133035
2015-03-26,4.274395585050561
2015-03-27,4.691128927199495
2015-03-30,5.891606342722144
2015-03-31,4.770461173129958
2015-04-01,4.224803737074256
2015-04-02,4.294247035072729
2015-04-06,5.147491615234601
2015-04-07,4.968893946509123
2015-04-08,5.802295249333067
2015-04-09,6.4670777308901695
2015-04-10,6.9036134869558285
2015-04-13,6.635712897525492
2015-04-14,6.328166616840547
2015-04-15,6.992875544239485
2015-04-16,6.844059136889369
2015-04-17,5.177256531241481
2015-04-20,6.754772561552991
2015-04-21,7.211135249588074
2015-04-22,7.79652827642503
2015-04-23,8.20329094379957
2015-04-24,9.67165260338405
2015-04-27,9.393879411390206
2015-04-28,9.175611533357376
2015-04-29,8.491002119830826
2015-04-30,6.784529304875608
2015-05-01,8.193393823183337
2015-05-04,8.371966973856093
2015-05-05,6.605956154202874
2015-05-06,5.871787583436983
2015-05-07,6.50669073140786
2015-05-08,7.836214831100885
2015-05-11,7.419473316267711
2015-05-12,6.9333702302784905
2015-05-13,7.151638108311298
2015-05-14,8.719224327269615
2015-05-15,8.719224327269615
2015-05-18,9.195446638011084
2015-05-19,9.076403319352067
2015-05-20,9.145797581245073
2015-05-21,9.711347330744125
2015-05-22,9.602217478069841
2015-05-26,8.342193885164972
2015-05-27,10.088369600164505
2015-05-28,9.840320460756313
2015-05-29,9.185508653973606
2015-06-01,9.552568421303832
2015-06-02,9.205368276680016
2015-06-03,9.532774180071367
2015-06-04,8.699348359194703
2015-06-05,8.441410271854544
2015-06-08,7.3401328976529845
2015-06-09,7.161543401611747
2015-06-10,8.629921406564712
2015-06-11,8.788667625268044
2015-06-12,7.895711972377639
2015-06-15,7.359968002306672
2015-06-16,7.9453283384066875
2015-06-17,8.242993843843882
2015-06-18,9.820501701471152
2015-06-19,9.277541251215094
2015-06-22,10.083041010039185
2015-06-23,10.172531902481596
2015-06-24,9.60573173229362
2015-06-25,9.386916284416635
2015-06-26,8.660977606681763
2015-06-29,6.095392224279417
2015-06-30,6.47323993480815
2015-07-01,7.318516147834719
2015-07-02,7.348370963368245
2015-07-06,7.099733390694696
2015-07-07,7.368246931443134
2015-07-08,5.498712720505172
2015-07-09,5.439027607490843
2015-07-10,7.0500434705075055
2015-07-13,8.92950749279866
2015-07-14,9.645483668443378
2015-07-15,9.76480485836657
2015-07-16,11.316086572263462
2015-07-17,12.956908214708207
2015-07-20,13.34475111806408
2015-07-21,13.275136193696557
2015-07-22,11.992327157126903
2015-07-23,11.574645783605963
2015-07-24,10.480805552064009
2015-07-27,9.565922587354159
2015-07-28,10.510619504176333
2015-07-29,10.928276359644528
2015-07-30,11.455324593682747
2015-07-31,11.326057247037857
2015-08-03,10.978007143252944
2015-08-04,10.769162370150354
2015-08-05,11.62438473989862
2015-08-06,9.834419782734116
2015-08-07,9.695214452051793
2015-08-10,10.948176845772162
2015-08-11,9.5261297877832
2015-08-12,9.904002016364677
2015-08-13,9.725044749532575
2015-08-14,9.894080377695701
2015-08-17,10.808971515089816
2015-08-18,10.242122308796397
2015-08-19,9.516183631061526
2015-08-20,6.483177918845606
2015-08-21,1.8293000864179954
2015-08-24,-2.0887828110797035
2015-08-25,-2.4566925375710147
2015-08-26,2.45577719693606
2015-08-27,5.051209222187691
2015-08-28,5.031341426797065
2015-08-31,3.7286482494683026
2015-09-01,0.4868386275709957
2015-09-02,3.3208966873005563
2015-09-03,2.8137652847584294
2015-09-04,1.5905923250976617
2015-09-08,4.4545542364661905
2015-09-09,3.281136578466537
2015-09-10,4.404847970910497
2015-09-11,4.981635161241371
2015-09-14,4.66339083688454
2015-09-15,5.896477262530042
2015-09-16,6.4931404209357835
2015-09-17,6.532916875138262
2015-09-18,5.01772573485102
2015-09-21,5.346676275563977
2015-09-22,3.7716692593145584
2015-09-23,3.851393794088609
2015-09-24,3.472606224872088
2015-09-25,2.595382989146211
2015-09-28,-0.32537090501524313
2015-09-29,-0.8437315757049424
2015-09-30,1.4390462412109173
2015-10-01,1.8975910359384285
2015-10-02,3.6819413590291727
2015-10-05,5.167236820361665
2015-10-06,4.668842017273511
2015-10-07,5.296831074376218
2015-10-08,5.7155176880588465
2015-10-09,6.194012005019411
2015-10-12,6.4531759949957745
2015-10-13,5.765346543878147
2015-10-14,5.595910454187192
2015-10-15,7.330391058037411
2015-10-16,7.778981523359008
2015-10-19,8.397032596424282
2015-10-20,7.838781053952726
2015-10-21,7.1808717998425475
2015-10-22,9.363942869014362
2015-10-23,12.424294382701717
2015-10-26,12.49404824270135
2015-10-27,12.723332899091467
2015-10-28,13.660380183463761
2015-10-29,13.480940728261427
2015-10-30,12.972534386977653
2015-11-02,14.248519232205803
2015-11-03,14.647264496339618
2015-11-04,14.657218825745533
2015-11-05,14.34822597994987
2015-11-06,14.427958687408138
2015-11-09,13.211806063510645
2015-11-10,12.922721876526833
2015-11-11,12.783148775053643
2015-11-12,11.686611557712068
2015-11-13,9.493528950344654
2015-11-16,11.068560484646795
2015-11-17,11.138322517330668
2015-11-18,13.271621939472844
2015-11-19,13.351338301562631
2015-11-20,14.118924978191249
2015-11-23,13.78995809210981
2015-11-24,13.690275862418488
2015-11-25,13.78995809210981
2015-11-27,13.949472543131813
2015-11-30,13.660380183463761
2015-12-01,14.796800099902985
2015-12-02,14.089012953868064
2015-12-03,12.155151545266719
2015-12-04,14.776866923038433
2015-12-07,14.258465388927522
2015-12-08,14.268468754438878
2015-12-09,12.533947287167457
2015-12-10,13.04233728308275
2015-12-11,10.440579600228329
2015-12-14,11.277895618803857
2015-12-15,11.95574622246285
2015-12-16,13.620489311681915
2015-12-17,11.965733242605726
2015-12-18,9.817984514724888
2015-12-21,11.037839364583668
2015-12-22,11.76774179417559
2015-12-23,12.59768605156546
2015-12-24,12.577679320542723
2015-12-28,12.51767547284297
2015-12-29,14.287453899931425
2015-12-30,13.257613958683212
2015-12-31,11.847752372898057
2016-01-04,9.487996043113235
2016-01-05,9.298021997923843
2016-01-06,8.248126289547454
2016-01-07,4.858521845830199
2016-01-08,3.9985674919062353
2016-01-11,4.318585288743448
2016-01-12,5.528453118459353
2016-01-13,1.8888380911159963
2016-01-14,4.058612203027168
2016-01-15,0.8289390172282252
2016-01-19,1.048906813583228
2016-01-20,0.7389741090997992
2016-01-21,0.8389423827395603
2016-01-22,3.7586665186866153
2016-01-25,2.218802044674839
2016-01-26,3.1387275555615934
2016-01-27,0.5689986222488841
2016-01-28,1.9888472281769376
2016-01-29,4.118591532674154
2016-02-01,4.39857952209739
2016-02-02,2.138824156689334
2016-02-03,1.648879909106693
2016-02-04,1.638884716279576
2016-02-05,-1.890742326544137
2016-02-08,-3.390560647773455
2016-02-09,-3.6905471955351987
2016-02-10,-3.3205861252993185
2016-02-11,-3.4605760336688163
2016-02-12,-1.990718772868172
2016-02-16,0.21901976498304165
2016-02-17,2.4887703232182368
2016-02-18,1.3188996101793249
2016-02-19,1.618861639888336
2016-02-22,3.2686895803670124
2016-02-23,1.568869330384226
2016-02-24,2.538762632722369
2016-02-25,3.548636706369024
2016-02-26,3.418658336195146
2016-02-29,2.4887703232182368
2016-03-01,5.778422838664188
2016-03-02,5.81841178265694
2016-03-03,5.618426199271931
2016-03-04,5.658406970580443
2016-03-07,5.008498774342529
2016-03-08,4.138598263696869
2016-03-09,4.808521363641782
2016-03-10,4.648532896933788
2016-03-11,6.478331517090474
2016-03-14,6.6583267148212055
2016-03-15,6.618313252775732
2016-03-16,7.568207996775378
2016-03-17,7.508212321759888
2016-03-18,7.676708552763101
2016-03-21,8.097887835139318
2016-03-22,8.428865201544134
2016-03-23,7.536277319444573
2016-03-24,7.566401833558056
2016-03-28,7.415959062043909
2016-03-29,9.1408776253318
2016-03-30,9.672379972281542
2016-03-31,9.511925662571773
2016-04-01,10.675258228217643
2016-04-04,10.254054427788706
2016-04-05,9.191008870468021
2016-04-06,10.986130791388815
2016-04-07,9.39159105980265
2016-04-08,9.311376163974149
2016-04-11,8.910228130673392
2016-04-12,9.82283091647993
2016-04-13,11.226799996927085
2016-04-14,11.236836053175402
2016-04-15,10.956047140696512
2016-04-18,11.54773313439932
2016-04-19,10.865779843251211
2016-04-20,10.956047140696533
2016-04-21,10.966058678892132
2016-04-22,9.291312224161707
2016-04-25,9.291312224161707
2016-04-26,8.759777186475004
2016-04-27,7.88731862566181
2016-04-28,6.5835793447501345
2016-04-29,6.021968829055391
2016-05-02,7.024838912307252
2016-05-03,6.032037576040694
2016-05-04,5.350059766839843
2016-05-05,5.319992461516043
2016-05-06,5.881570286473803
2016-05-09,6.182431311449377
2016-05-10,7.636580673138216
2016-05-11,6.663818758631357
2016-05-12,6.192459195013478
2016-05-13,5.8013308725925805
2016-05-16,7.125125920632436
2016-05-17,5.7813241415698435
2016-05-18,6.162375544321197
2016-05-19,5.610833775611757
2016-05-20,6.774141823204904
2016-05-23,6.633735107939098
2016-05-24,8.769821415407563
2016-05-25,9.552045369512374
2016-05-26,9.872945816247647
2016-05-27,10.444567870137988
2016-05-31,10.655161597668217
2016-06-01,10.665205826600776
2016-06-02,10.895863493943448
2016-06-03,10.374380857873566
2016-06-06,10.775520718490084
2016-06-07,10.494723633326952
2016-06-08,10.6852861117817
2016-06-09,10.50475151689103
2016-06-10,9.251208862589522
2016-06-13,8.338589731414503
2016-06-14,8.338589731414503
2016-06-15,8.027717168243331
2016-06-16,8.348601269610123
2016-06-17,7.07862334729934
2016-06-20,7.752338572732209
2016-06-21,8.094193781862224
2016-06-22,7.832774131035247
2016-06-23,9.371208385304787
2016-06-24,4.866449349544233
2016-06-27,2.784997436228953
2016-06-28,5.03738921313559
2016-06-29,6.897639254775401
2016-06-30,8.134419733697973
2016-07-01,8.677421047375233
2016-07-05,8.013741878190705
2016-07-06,8.898631091734943
2016-07-07,9.220406015684034
2016-07-08,10.90970802104827
2016-07-11,11.543148258539947
2016-07-12,12.106254375450852
2016-07-13,11.834765977638572
2016-07-14,12.59897733567552
2016-07-15,12.41796872509886
2016-07-18,13.162050761849464
2016-07-19,12.749812396033256
2016-07-20,14.067028433258844
2016-07-21,13.805592437063385
2016-07-22,14.27818607600171
2016-07-25,14.288262995671253
2016-07-26,14.41896873474262
2016-07-27,15.213361815682758
2016-07-28,15.615564125250646
2016-07-29,15.866972237882027
2016-08-01,16.4803158448243
2016-08-02,15.595451149332785
2016-08-03,15.977524137614306
2016-08-04,16.30936780854868
2016-08-05,17.425486777332466
2016-08-08,17.294813728998058
2016-08-09,17.566293954126078
2016-08-10,17.26463200609487
2016-08-11,17.7673746771994
2016-08-12,17.847818408186676
2016-08-15,18.350569251975468
2016-08-16,17.696999693197448
2016-08-17,17.90814099057185
2016-08-18,17.938355404212004
2016-08-19,17.90814099057185
2016-08-22,17.998628950491693
2016-08-23,18.20982745665576
2016-08-24,17.445607925934546
2016-08-25,17.254555086425306
2016-08-26,17.425486777332424
2016-08-29,17.586398757359678
2016-08-30,17.204276732972712
2016-08-31,17.083607050149684
2016-09-01,17.38527717086513
2016-09-02,17.767374677199378
2016-09-06,18.50142065770164
2016-09-07,18.571811987072095
2016-09-08,17.87800013108982
2016-09-09,14.911691694967267
2016-09-12,16.973022459680422
2016-09-13,15.92728664758285
2016-09-14,16.48031584482421
2016-09-15,18.290222151537527
2016-09-16,18.233830630272465
2016-09-19,17.71969523733552
2016-09-20,17.94149371496061
2016-09-21,19.10072359311734
2016-09-22,20.04828094942399
2016-09-23,19.282181701327296
2016-09-26,18.284207055935987
2016-09-27,19.453571062551923
2016-09-28,19.65515031936398
2016-09-29,18.78821649309792
2016-09-30,19.67533684944003
2016-10-03,19.50396383358388
2016-10-04,19.32251389805819
2016-10-05,19.745883459811076
2016-10-06,19.68538107837261
2016-10-07,19.423299440122086
2016-10-10,20.179346286601984
2016-10-11,18.465689682198636
2016-10-12,18.36487962208202
2016-10-13,17.941493714960654
2016-10-14,18.08261145375547
2016-10-17,17.760019261382265
2016-10-18,18.808394850489773
2016-10-19,18.79830975813599
2016-10-20,18.65717567397269
2016-10-21,19.100723593117387
2016-10-24,20.53214471993112
2016-10-25,20.149091009540655
2016-10-26,19.332574472359276
2016-10-27,18.788216493097963
2016-10-28,18.042262911656117
2016-10-31,17.931392277238412
2016-11-01,17.044329129685988
2016-11-02,16.10682417499616
2016-11-03,14.967739963494274
2016-11-04,14.564507895711998
2016-11-07,17.286273273965904
2016-11-08,18.0523888674311
2016-11-09,18.596714155955453
2016-11-10,16.681404740581883
2016-11-11,16.731813856982324
2016-11-14,15.552413794118047
2016-11-15,17.155199764103692
2016-11-16,17.85075240182936
2016-11-17,18.707592963057394
2016-11-18,18.264045043912702
2016-11-21,19.49386239586166
2016-11-22,19.856778612281524
2016-11-23,19.37289849640593
2016-11-25,19.7559522067964
2016-11-28,19.483793648876357
2016-11-29,19.89709446364394
2016-11-30,18.445503152122633
2016-12-01,16.399161090308034
2016-12-02,16.631011969549924
2016-12-05,17.5382616471784
2016-12-06,17.82050529745223
2016-12-07,19.31240428765171
2016-12-08,19.52411767292299
2016-12-09,20.46160628224434
2016-12-12,19.917231957614522
2016-12-13,21.429350168627014
2016-12-14,21.177304586624835
2016-12-15,21.36883961450431
2016-12-16,20.918949692388345
2016-12-19,21.414320602307235
2016-12-20,21.87939537174355
2016-12-21,21.78844156882196
2016-12-22,21.444673951579496
2016-12-23,21.525559007515803
2016-12-27,22.152379370772014
2016-12-28,21.202035129139073
2016-12-29,21.03014723417571
2016-12-30,19.78658342733286
2017-01-03,20.858275684580853
2017-01-04,21.515433051740818
2017-01-05,22.20295194085726
2017-01-06,23.27460333468403
2017-01-09,23.679036787049768
2017-01-10,23.95199626802549
2017-01-11,24.285662447545707
2017-01-12,24.093555331769334
2017-01-13,24.518208004948107
2017-01-17,24.144111556486124
2017-01-18,24.396851816648812
2017-01-19,24.336210499578257
2017-01-20,24.609186325922437
2017-01-23,24.71029060267176
2017-01-24,25.549461820570073
2017-01-25,26.813220330173237
2017-01-26,26.944637092773593
2017-01-27,27.187308605950978
2017-01-30,26.196476886586574
2017-01-31,25.943744799108124
2017-02-01,26.813220330173237
2017-02-02,26.702022788385893
2017-02-03,27.066009626441367
2017-02-06,27.217637437170495
2017-02-07,27.68270403392257
2017-02-08,27.89500585245923
2017-02-09,28.360080621895545
2017-02-10,28.784725122390075
2017-02-13,29.512674280448326
2017-02-14,29.947412045980883
2017-02-15,30.71578330029667
2017-02-16,30.67533668598641
2017-02-17,31.241515732172044
2017-02-21,31.88857166160972
2017-02-22,31.93914423169497
2017-02-23,31.44373245835488
2017-02-24,31.696464545833347
2017-02-27,31.85825917575866
2017-02-28,31.453825723392903
2017-03-01,32.88952933674909
2017-03-02,32.222246013814136
2017-03-03,32.46487666357032
2017-03-06,32.171657098360384
2017-03-07,31.949253842101456
2017-03-08,32.181791226819634
2017-03-09,32.28291184893743
2017-03-10,32.83896493934806
2017-03-13,33.06135185023849
2017-03-14,32.737836144545994
2017-03-15,33.556755450894315
2017-03-16,33.46576895723574
2017-03-17,33.41918465706024
2017-03-20,33.54073698978133
2017-03-21,31.514491558516134
2017-03-22,32.406074200453986
2017-03-23,32.07170517008904
2017-03-24,32.345293947751315
2017-03-27,32.55802891855277
2017-03-28,33.36849766939556
2017-03-29,33.98650787903963
2017-03-30,34.20942601440578
2017-03-31,34.11824337632543
2017-04-03,34.03719486670431
2017-04-04,34.24994618287425
2017-04-05,33.70285035439207
2017-04-06,33.773748390185474
2017-04-07,33.70285035439207
2017-04-10,33.753504651319744
2017-04-11,33.1760309555126
2017-04-12,32.63906108280543
2017-04-13,32.11225802929445
2017-04-17,33.20643334089031
2017-04-18,33.00379980781112
2017-04-19,33.216567469349535
2017-04-20,34.331019210548064
2017-04-21,34.3006249978546
2017-04-24,35.921562499540194
2017-04-25,36.90439316103236
2017-04-26,36.71190192909663
2017-04-27,37.532463944977465
2017-04-28,37.77566668263055
2017-05-01,39.00153662809094
2017-05-02,39.23450716507391
2017-05-03,38.788768966552546
2017-05-04,38.83942326348022
2017-05-05,39.34598257812547
2017-05-08,39.649941050428495
2017-05-09,40.13628114426071
2017-05-10,40.21728879046063
2017-05-11,40.10587875888301
2017-05-12,40.419938668908294
2017-05-15,40.86570955816662
2017-05-16,41.45327651901176
2017-05-17,37.85670701956742
2017-05-18,39.06229236274088
2017-05-19,39.64994105042845
2017-05-22,40.8251403535927
2017-05-23,40.96703449739041
2017-05-24,41.6153571928855
2017-05-25,42.82105695363833
2017-05-26,43.074295747539736
2017-05-30,43.19592163441899
2017-05-31,43.14518561064888
2017-06-01,43.70243191295877
2017-06-02,45.34373574377375
2017-06-05,45.313333358396044
2017-06-06,44.73590052601013
2017-06-07,45.30319922993682
2017-06-08,45.45519481145681
2017-06-09,41.81802341670162
2017-06-12,41.058127235944085
2017-06-13,42.203005880573045
2017-06-14,41.58497115287625
2017-06-15,40.95690036893114
2017-06-16,40.345305716416505
2017-06-19,42.69205930557338
2017-06-20,41.574575498521305
2017-06-21,42.97646871717116
2017-06-22,42.935817785754836
2017-06-23,43.48443373350588
2017-06-26,42.81393037297985
2017-06-27,40.22340195827301
2017-06-28,42.24506251367881
2017-06-29,39.77642151174694
2017-06-30,39.82719022625398
2017-07-03,38.35421100007315
2017-07-05,39.715535014149104
2017-07-06,38.45574842908724
2017-07-07,39.949126675134394
2017-07-10,40.86347024268431
2017-07-11,41.25963293859787
2017-07-12,42.93581778575477
2017-07-13,43.25072765494114
2017-07-14,44.378410971926364
2017-07-17,44.44952967019429
2017-07-18,45.41460926151431
2017-07-19,46.26795191388706
2017-07-20,46.46099071566694
2017-07-21,46.4000388365952
2017-07-24,47.07047681564731
2017-07-25,46.69464775812615
2017-07-26,47.17212866224079
2017-07-27,46.247634620863145
2017-07-28,46.12566548124575
2017-07-31,45.50602890743767
2017-08-01,45.84123972427947
2017-08-02,46.23748414703541
2017-08-03,45.66853456089197
2017-08-04,45.93272475167676
2017-08-07,46.857153411580455
2017-08-08,46.60317907609732
2017-08-09,46.41014027431745
2017-08-10,43.27107763870197
2017-08-11,44.358126369639386
2017-08-14,46.21713416327453
2017-08-15,46.31873697376256
2017-08-16,46.572743999982634
2017-08-17,43.575853379429084
2017-08-18,43.47426691430953
2017-08-21,43.29139493172585
2017-08-22,45.475577485954474
2017-08-23,44.957445650423544
2017-08-24,44.53074980618445
2017-08-25,44.225974065457294
2017-08-28,44.673003548088786
2017-08-29,45.24190409812678
2017-08-30,46.94860574824078
2017-08-31,48.523269511752055
2017-09-01,48.32009658151295
2017-09-05,46.98924033428862
2017-09-06,47.436237126183144
2017-09-07,47.78161476222116
2017-09-08,46.501608956346274
2017-09-11,48.18802600417331
2017-09-12,48.543521423302074
2017-09-13,48.74671069890968
2017-09-14,47.873067098881506
2017-09-15,48.380966733742305
2017-09-18,48.18655492100987
2017-09-19,48.44106865365294
2017-09-20,47.98294066582174
2017-09-21,47.076818818618584
2017-09-22,46.934270860081554
2017-09-25,45.386707717514476
2017-09-26,45.76343577030217
2017-09-27,47.076818818618584
2017-09-28,47.02585395968975
2017-09-29,48.084706929994624
2017-10-02,48.21712076007243
2017-10-03,48.53273348010356
2017-10-04,48.67518336642971
2017-10-05,50.13116340938861
2017-10-06,50.33476131920827
2017-10-09,50.161696557714166
2017-10-10,50.27366233182018
2017-10-11,50.721607155086716
2017-10-12,50.44674343868279
2017-10-13,51.027069401290134
2017-10-16,51.546263685772466
2017-10-17,51.739760157869874
2017-10-18,51.5564958864426
2017-10-19,50.99656894370157
2017-10-20,51.40381379944634
2017-10-23,50.416242981094214
2017-10-24,50.67075671373726
2017-10-25,50.10058122495762
2017-10-26,49.62208690799705
2017-10-27,53.979615037150296
2017-10-30,54.32580994161243
2017-10-31,54.906086868114336
2017-11-01,54.85517104529094
2017-11-02,54.55995734512613
2017-11-03,56.0464378456736
2017-11-06,56.57583164008908
2017-11-07,56.66744743043424
2017-11-08,57.29862383439106
2017-11-09,56.47398364907381
2017-11-10,56.46380048450914
2017-11-13,56.657264265869564
2017-11-14,56.08713781319538
2017-11-15,55.354064382117855
2017-11-16,57.33938918338679
2017-11-17,56.73871323701856
2017-11-20,56.61654795297937
2017-11-21,58.31676049180574
2017-11-22,58.510240618534624
2017-11-24,59.09051754503653
2017-11-27,59.01928442918922
2017-11-28,59.42656197567096
2017-11-29,56.64706475593641
2017-11-30,57.960431458884365
2017-12-01,57.28850605130034
2017-12-04,55.47621332078856
2017-12-05,55.57807765717233
2017-12-06,56.280552558450395
2017-12-07,56.80996269823435
2017-12-08,57.5022871256847
2017-12-11,58.724038038287496
2017-12-12,58.51024061853467
2017-12-13,58.81567017400111
2017-12-14,58.70372074526355
2017-12-15,60.50573223899978
2017-12-18,61.85144642617486
2017-12-19,60.8924473119304
2017-12-20,60.71897391622423
2017-12-21,60.73938928145903
2017-12-22,60.55571637581969
2017-12-26,59.68852919634215
2017-12-27,59.70889552547154
2017-12-28,59.902751595675554
2017-12-29,58.91310491552613
2018-01-02,61.69842108644048
2018-01-03,63.26955425035952
2018-01-04,63.5551895645935
2018-01-05,65.197866406361
2018-01-08,65.84061533120354
2018-01-09,65.85084753187367
2018-01-10,65.46307000999172
2018-01-11,66.59555886531088
2018-01-12,67.81987600076542
2018-01-16,67.34036827095893
2018-01-17,69.14615554481465
2018-01-18,69.17680311071959
2018-01-19,69.7073737716658
2018-01-22,71.52336055545464
2018-01-23,72.9414683796393
2018-01-24,71.81924441572727
2018-01-25,71.75801466539133
2018-01-26,74.39022376972888
2018-01-29,73.54343561011767
2018-01-30,72.1150955852629
2018-01-31,72.82925742500603
2018-02-01,71.36008666968165
2018-02-02,67.94230281070033
2018-02-05,61.32089211059715
2018-02-06,65.59571267522828
2018-02-07,63.453194465261895
2018-02-08,56.55638065159485
2018-02-09,59.260019016201504
2018-02-12,62.08606784537458
2018-02-13,62.92267284042112
2018-02-14,65.97322530570312
2018-02-15,69.05429457394222
2018-02-16,68.29935103983489
2018-02-20,68.63603293984013
2018-02-21,68.15652521003364
2018-02-22,68.13612619016732
2018-02-23,71.57429272364647
2018-02-26,73.84946994421789
2018-02-27,71.69675222431833
2018-02-28,70.59491093490414
2018-03-01,67.80964380009522
2018-03-02,69.35022747032022
2018-03-05,71.22746034981351
2018-03-06,71.95180535412133
2018-03-07,72.3497170044625
2018-03-08,73.2985329541423
2018-03-09,76.66535195419475
2018-03-12,77.6039520485729
2018-03-13,75.18601437967418
2018-03-14,75.15539950450622
2018-03-15,75.00234147403486
2018-03-16,74.48205204986422
2018-03-19,70.759263614997
2018-03-20,71.3213154556408
2018-03-21,70.57528014735652
2018-03-22,66.36510551507419
2018-03-23,61.98114692508454
2018-03-26,68.00010003365486
2018-03-27,62.563614130963096
2018-03-28,60.6935405228652
2018-03-29,63.63663853574242
2018-04-02,58.91545864858758
2018-04-03,60.70375637816687
2018-04-04,63.2381057613989
2018-04-05,64.16799377437579
2018-04-06,60.059977695109914
2018-04-09,61.18406503102896
2018-04-10,64.74031050642664
2018-04-11,63.78987636526705
2018-04-12,65.76220659859227
2018-04-13,64.90378053662143
2018-04-16,66.1607230275673
2018-04-17,69.73740021356829
2018-04-18,70.08477198456116
2018-04-19,68.52130479846048
2018-04-20,65.8541166055701
2018-04-23,65.43520115672874
2018-04-24,61.93006764857625
2018-04-25,62.12421793541294
2018-04-26,65.53742509121912
2018-04-27,65.6395346081301
2018-04-30,64.46435165033432
2018-05-01,66.34465745910236
2018-05-02,65.36362478814328
2018-05-03,65.34319307753998
2018-05-04,68.48042503188539
2018-05-07,69.88047122389669
2018-05-08,69.70671995692632
2018-05-09,71.55636185442094
2018-05-10,73.33446007406705
2018-05-11,73.17097369850376
2018-05-14,73.46726619298845
2018-05-15,71.54609696301387
2018-05-16,72.68040015423458
2018-05-17,72.01617341520587
2018-05-18,71.12714882343553
2018-05-21,72.08770074768589
2018-05-22,71.86295193104972
2018-05-23,73.31406105420082
2018-05-24,73.26290005085019
2018-05-25,73.43663497245207
2018-05-29,72.67023333503846
2018-05-30,73.90676046074954
2018-05-31,73.79428798022055
2018-06-01,76.52278765028927
2018-06-04,78.11691874766338
2018-06-05,78.66875473300551
2018-06-06,79.71106619040597
2018-06-07,78.24977390269021
2018-06-08,78.25998975799186
2018-06-11,78.74029841085401
2018-06-12,79.68041862450106
2018-06-13,79.67023545993639
2018-06-14,81.48922979152606
2018-06-15,80.85561792766534
2018-06-18,80.75118736842978
2018-06-19,80.23911966460591
2018-06-20,81.51925623342866
2018-06-21,79.94218970075045
2018-06-22,79.5427415857719
2018-06-25,75.4976224844272
2018-06-26,76.21444861923298
2018-06-27,73.81807049136285
2018-06-28,75.31324672794311
2018-06-29,75.78436928371801
2018-07-02,76.96205308289161
2018-07-03,74.91386399443849
2018-07-05,77.08492121777554
2018-07-06,79.83975327646979
2018-07-09,81.45784668403944
2018-07-10,81.59094701959353
2018-07-11,80.66921534548945
2018-07-12,83.78245229890236
2018-07-13,83.93606607190213
2018-07-16,83.49570549961156
2018-07-17,84.61196340402746
2018-07-18,84.26380705534741
2018-07-19,83.3421080719803
2018-07-20,83.30114657856282
2018-07-23,83.88487237781457
2018-07-24,84.6427253875118
2018-07-25,87.22338119965514
2018-07-26,84.3866588448629
2018-07-27,81.89815822022464
2018-07-30,79.3276692272775
2018-07-31,80.69999367434228
2018-08-01,81.38610686176924
2018-08-02,83.85412673969874
2018-08-03,84.41743717371565
2018-08-06,85.50293309464723
2018-08-07,86.17879773603556
2018-08-08,86.40415133130558
2018-08-09,86.2914990517233
2018-08-10,84.86799725593939
2018-08-13,84.66314075274657
2018-08-14,85.82040918668538
2018-08-15,83.54691553906765
2018-08-16,84.15113843039661
2018-08-17,84.19209992381408
2018-08-20,84.02825395014419
2018-08-21,84.70420031837496
2018-08-22,85.42099376244379
2018-08-23,85.15471136449324
2018-08-24,86.87519216023807
2018-08-27,88.78001602173005
2018-08-28,89.0565306203507
2018-08-29,91.23782004435787
2018-08-30,90.89989589634794
2018-08-31,91.1456648568528
2018-09-04,90.32632057092394
2018-09-05,87.86859827513847
2018-09-06,86.1889972459687
2018-09-07,85.47220380189987
2018-09-10,86.09692378530605
2018-09-11,87.53057605491767
2018-09-12,86.97762858451871
2018-09-13,88.97452590667332
2018-09-14,88.42159478164284
2018-09-17,85.70769152562912
2018-09-18,87.24389463710077
2018-09-19,87.10046402866567
2018-09-20,89.1691665545645
2018-09-21,88.13483163698359
2018-09-24,88.65806322748111
2018-09-25,88.91457109507903
2018-09-26,89.04788392042337
2018-09-27,90.64835702076874
2018-09-28,90.60731380050886
2018-10-01,90.99713449345114
2018-10-02,90.56631961635442
2018-10-03,90.77142130007448
2018-10-04,87.10886554806576
2018-10-05,84.82108604839422
2018-10-08,83.69255277224788
2018-10-09,84.28760591185807
2018-10-10,76.18277129511367
2018-10-11,73.99754263730216
2018-10-12,78.8399397771242
2018-10-15,76.6752245567584
2018-10-16,81.81509105759584
2018-10-17,81.8869452974455
2018-10-18,77.670330589981
2018-10-19,77.5062067450469
2018-10-22,78.41930806459214
2018-10-23,77.76273095801332
2018-10-24,69.6270362855737
2018-10-25,75.49538316894507
2018-10-26,70.98126640972822
2018-10-29,67.46232106520789
2018-10-30,70.22212211592085
2018-10-31,74.22327217604729
2018-11-01,76.52126753102047
2018-11-02,73.77184578929396
2018-11-05,73.34090014924939
2018-11-06,74.65413608924946
2018-11-07,80.13264593431006
2018-11-08,78.98355018461258
2018-11-09,75.96729030240712
2018-11-12,70.64277017382139
2018-11-13,70.78636423594129
2018-11-14,69.48342587808527
2018-11-15,72.44836130325527
2018-11-16,71.84307596297492
2018-11-19,66.2619989306858
2018-11-20,63.28681495947719
2018-11-21,64.52821300499612
2018-11-23,63.338139416512675
2018-11-26,67.11354359252549
2018-11-27,67.67773667644047
2018-11-28,73.07420911708678
2018-11-29,72.50991796096089
2018-11-30,73.76159724325535
2018-12-03,76.79835421753805
2018-12-04,70.01693870535837
2018-12-06,71.2172771852489
2018-12-07,65.56441129458406
2018-12-10,67.29821356564226
2018-12-11,67.85220713962407
2018-12-12,69.32956692455825
2018-12-13,69.38085869085675
2018-12-14,65.25662800605609
2018-12-17,61.511985813527595
2018-12-18,62.52763797493286
2018-12-19,58.53678549695049
2018-12-20,56.238675724397936
2018-12-21,51.396294929944375
2018-12-24,47.641976279274154
2018-12-26,56.86058430442509
2018-12-27,57.4676676352385
2018-12-28,57.385352359559946
2018-12-31,58.71253089887571
2019-01-02,59.35045794001586
2019-01-03,54.14442538756072
2019-01-04,60.73943831756448
2019-01-07,62.65307233266859
2019-01-08,64.12438433126417
2019-01-09,65.46190948882943
2019-01-10,65.93518963324402
2019-01-11,65.32818802927301
2019-01-14,63.86718995818994
2019-01-15,67.06695929234989
2019-01-16,67.03601750981227
2019-01-17,68.35301288456334
2019-01-18,70.01978279947427
2019-01-22,66.61424162148646
2019-01-23,66.8302947020899
2019-01-24,67.910592795844
2019-01-25,69.91688870487611
2019-01-28,67.81799628338987
2019-01-29,66.23357433489447
2019-01-30,70.46217019745673
2019-01-31,73.01376394443795
2019-02-01,72.28325673621218
2019-02-04,74.4233067955377
2019-02-05,75.96658745156233
2019-02-06,75.44190112326984
2019-02-07,73.08583067407788
2019-02-08,73.42537301356758
2019-02-11,73.26072611684202
2019-02-12,75.82258475523034
2019-02-13,75.9460249780112
2019-02-14,76.16212709472006
2019-02-15,76.90285015824747
2019-02-19,77.25270642524973
2019-02-20,77.22184636955451
2019-02-21,76.57362174627032
2019-02-22,77.88030319350885
2019-02-25,78.52849512605609
2019-02-26,78.7137044963328
2019-02-27,78.60046378348511
2019-02-28,78.18893644119788
2019-03-01,79.4236328856389
2019-03-04,79.45444390522867
2019-03-05,79.58821440089051
2019-03-06,78.56963641852684
2019-03-07,76.37811479384953
2019-03-08,76.11068822010519
2019-03-11,79.77340742579872
2019-03-12,80.76109266173022
2019-03-13,82.1192129835836
2019-03-14,81.81051435442062
2019-03-15,83.49789577898812
2019-03-18,83.93492189610822
2019-03-19,84.5533652580171
2019-03-20,85.285163750353
2019-03-21,88.18153035473837
2019-03-22,84.04835875337773
2019-03-25,83.6978486716362
2019-03-26,84.55336525801714
2019-03-27,83.36799913565669
2019-03-28,83.79060863777512
2019-03-29,85.18210620207003
2019-04-01,87.63526814004882
2019-04-02,88.34648781346513
2019-04-03,89.42873100606863
2019-04-04,89.35663158569173
2019-04-05,90.33583357538075
2019-04-08,90.82024491573205
2019-04-09,90.15026460699747
2019-04-10,91.17070596136814
2019-04-11,90.71722005818602
2019-04-12,91.54176217129238
2019-04-15,91.57270395383001
2019-04-16,92.23235398968357
2019-04-17,92.90233429841814
2019-04-18,93.14970510503429
2019-04-22,93.69596731972385
2019-04-23,96.15942683984673
2019-04-24,95.54101616867486
2019-04-25,96.334698226086
2019-04-26,96.50992057621978
2019-04-29,96.89129071365655
2019-04-30,95.36582650927797
2019-05-01,94.73705287448809
2019-05-02,93.89185021561968
2019-05-03,96.98403433442697
2019-05-06,95.7780730477784
2019-05-07,91.9643553280423
2019-05-08,91.47989495158558
2019-05-09,90.44918870580779
2019-05-10,90.68629462101686
2019-05-13,84.06895391766585
2019-05-14,86.08914338990823
2019-05-15,88.71754402338932
2019-05-16,90.61406443769211
2019-05-17,88.66595804045814
2019-05-20,85.48101395551193
2019-05-21,87.41882277060182
2019-05-22,86.583901348509
2019-05-23,83.72879045417379
2019-05-24,83.63603048803485
2019-05-28,82.94542232427517
2019-05-29,81.44055328418473
2019-05-30,82.20329355905824
2019-05-31,79.29659668179187
2019-06-03,75.34886328586667
2019-06-04,80.28609625362493
2019-06-05,81.62610590719956
2019-06-06,83.06910772758327
2019-06-07,86.60449651279708
2019-06-10,88.77941124309605
2019-06-11,89.03707963185623
2019-06-12,87.94450616637168
2019-06-13,89.05769114151283
2019-06-14,88.25371150195762
2019-06-17,89.38752433212385
2019-06-18,92.1396267142815
2019-06-19,92.86107858836789
2019-06-20,94.65462318123011
2019-06-21,94.36602935530077
2019-06-24,94.37217521385024
2019-06-25,91.03551341864824
2019-06-26,91.92391688641621
2019-06-27,92.65739895170582
2019-06-28,92.90532550085035
2019-07-01,95.50850523076275
2019-07-02,96.28325935147102
2019-07-03,97.76048837345732
2019-07-05,97.35757504036044
2019-07-08,95.97335116504031
2019-07-09,96.954710743369
2019-07-10,98.91741355465795
2019-07-11,98.77282242506058
2019-07-12,99.91946636948566
2019-07-15,100.55994328810907
2019-07-16,99.52688330926978
2019-07-17,98.54560545778345
2019-07-18,98.77282242506051
2019-07-19,97.31625394883625
2019-07-22,98.88648811748872
2019-07-23,100.1880371190237
2019-07-24,101.59293788547438
2019-07-25,99.68185374785357
2019-07-26,101.73757805117715
2019-07-29,101.04546611351708
2019-07-30,100.17773953687961
2019-07-31,97.40927544087083
2019-08-01,96.42785048106819
2019-08-02,93.53545580122412
2019-08-05,86.69686419009221
2019-08-06,89.31037419288563
2019-08-07,90.33305486273844
2019-08-08,94.4754452519233
2019-08-09,92.64700329735066
2019-08-12,90.43640662765414
2019-08-13,94.60977149011356
2019-08-14,88.79389323957143
2019-08-15,88.57694116370145
2019-08-16,91.60367842710428
2019-08-19,94.65110892700612
2019-08-20,93.14287274100825
2019-08-21,94.8576980392581
2019-08-22,94.22756773888416
2019-08-23,88.08115344688628
2019-08-26,90.92188041695675
2019-08-27,90.51904881070227
2019-08-28,91.20083047548131
2019-08-29,94.12424866470543
2019-08-30,93.65941907579636
2019-09-03,91.77930941145014
2019-09-04,94.54777350745888
2019-09-05,98.1116849606749
2019-09-06,97.91540977593547
2019-09-09,97.50223155143152
2019-09-10,96.93408288834374
2019-09-11,98.78312000720449
2019-09-12,99.6095908737918
2019-09-13,98.8968020450012
2019-09-16,98.00838223186472
2019-09-17,98.95883271839277
2019-09-18,98.87614149923914
2019-09-19,99.2067102314319
2019-09-20,97.0993345637032
2019-09-23,97.18629192403081
2019-09-24,94.56750236721749
2019-09-25,96.75155415849825
2019-09-26,96.02696397366319
2019-09-27,93.59444623607796
2019-09-30,95.43699424365109
2019-10-01,93.84292852775091
2019-10-02,90.50989540435206
2019-10-03,92.60082763138726
2019-10-04,95.43699424365109
2019-10-07,94.84700816827049
2019-10-08,91.92798688316822
2019-10-09,93.80149301864742
2019-10-10,95.30239013419661
2019-10-11,97.81766447240943
2019-10-14,97.7969875812789
2019-10-15,100.3122619194917
2019-10-16,99.81542809909361
2019-10-17,100.34335081034564
2019-10-18,98.41804620214494
2019-10-21,100.17773953687961
2019-10-22,98.58364113024247
2019-10-23,98.96666214989598
2019-10-24,100.90231337634617
2019-10-25,102.50667667439042
2019-10-28,104.50448933718009
2019-10-29,102.92073754879247
2019-10-30,103.90412395281304
2019-10-31,103.99719448095314
2019-11-01,105.8500727614073
2019-11-04,107.12322985788796
2019-11-05,107.23707534936948
2019-11-06,106.77126503835143
2019-11-07,107.46478267770105
2019-11-08,108.29288808113664
2019-11-11,108.01346400692604
2019-11-12,108.61376400981922
2019-11-13,108.66552979180372
2019-11-14,108.49990217296921
2019-11-15,110.03187183400387
2019-11-18,110.19749945283834
2019-11-19,110.50801241790289
2019-11-20,109.24520193967173
2019-11-21,108.77940797402216
2019-11-22,108.91394670200269
2019-11-25,111.38785091258599
2019-11-26,111.79154882337001
2019-11-27,113.27173635705168
2019-11-29,112.29874560738607
2019-12-02,110.12500774361786
2019-12-03,108.47920893647016
2019-12-04,109.53500532286876
2019-12-05,109.9490335065338
2019-12-06,112.19516500731159
2019-12-09,111.23256991200093
2019-12-10,111.05657932954843
2019-12-11,112.1745044615495
2019-12-12,113.75823990456868
2019-12-13,114.46210416216775
2019-12-16,116.61508340796303
2019-12-17,116.73930820843101
2019-12-18,116.90491948189705
2019-12-19,118.2608658697422
2019-12-20,119.14075340053074
2019-12-23,119.71952655313225
2019-12-24,119.833649915878
2019-12-26,121.77346921129129
2019-12-27,121.58680510321962
2019-12-30,120.13448642280085
2019-12-31,120.54941360173244
2020-01-02,124.23202512086937
2020-01-03,122.1780661173419
2020-01-06,123.60960983441926
2020-01-07,123.57848825282835
2020-01-08,125.25900462263317
2020-01-09,127.1677023364555
2020-01-10,126.58675524984582
2020-01-13,129.2008700312731
2020-01-14,128.29839320124154
2020-01-15,128.39174160064587
2020-01-16,130.5805662395236
2020-01-17,131.72162006792766
2020-01-21,131.61789235953688
2020-01-22,132.2299283370006
2020-01-23,132.97681360444594
2020-01-24,131.0162356910597
2020-01-27,126.24446688845113
2020-01-28,129.7195903000695
2020-01-29,130.09300024305523
2020-01-30,130.9125079826689
2020-01-31,127.2507041176104
2020-02-03,130.6842776025459
2020-02-04,135.9643383288589
2020-02-05,136.7423451778952
2020-02-06,138.78592487243625
2020-02-07,137.75897806140952
2020-02-10,140.63239576844526
2020-02-11,140.67391300439115
2020-02-12,143.0182638243811
2020-02-13,142.7070970445772
2020-02-14,143.40206942172173
2020-02-18,143.49549954796848
2020-02-19,145.82945471360347
2020-02-20,143.54731436605843
2020-02-21,138.86892665359113
2020-02-24,129.65729810078227
2020-02-25,123.41253372662435
2020-02-26,124.56393417327787
2020-02-27,113.31913792565143
2020-02-28,113.48510879722404
2020-03-02,124.50169101009595
2020-03-03,117.30255326097416
2020-03-04,126.36895321481481
2020-03-05,119.49136155448335
2020-03-06,115.78802410811045
2020-03-09,100.79842221427069
2020-03-10,111.73203533672478
2020-03-11,102.51002747492946
2020-03-12,83.94162349718601
2020-03-13,99.52250275051648
2020-03-16,75.62215784689619
2020-03-17,88.94162267991761
2020-03-18,83.19473822974068
2020-03-19,84.29430751293579
2020-03-20,77.07444383657803
2020-03-23,77.20229730884915
2020-03-24,90.92436491296627
2020-03-25,89.510604956798
2020-03-26,99.49030237460572
2020-03-27,92.62926857254719
2020-03-30,99.6358415355751
2020-03-31,97.93092153062572
2020-04-01,89.52096792041604
2020-04-02,93.367294650275
2020-04-03,90.62290728204114
2020-04-06,104.25147937843762
2020-04-07,104.16828145286101
2020-04-08,108.5032039374028
2020-04-09,108.80466156832802
2020-04-13,111.06048587261598
2020-04-14,120.23976694119773
2020-04-15,117.71365562368095
2020-04-16,121.68476289653634
2020-04-17,123.80549273031538
2020-04-20,121.15458452443369
2020-04-21,112.99407758263742
2020-04-22,119.31455370360683
2020-04-23,118.84676560300238
2020-04-24,122.29807381274158
2020-04-27,124.08612636179362
2020-04-28,119.86555607515635
2020-04-29,127.66218242379227
2020-04-30,127.56867057070313
2020-05-01,121.15458452443364
2020-05-04,123.73269045909367
2020-05-05,126.2691974309654
2020-05-06,127.66218242379223
2020-05-07,130.5937242611522
2020-05-08,133.75397049432118
2020-05-11,135.84349701966687
2020-05-12,130.9055938918008
2020-05-13,128.01563467186065
2020-05-14,130.60413626087563
2020-05-15,132.10109414262047
2020-05-18,136.42563731817577
2020-05-19,135.83306867457492
2020-05-20,140.54225106126356
2020-05-21,137.92257885455217
2020-05-22,138.74378651248804
2020-05-26,138.09932132395483
2020-05-27,139.3987290822186
2020-05-28,139.08687579693847
2020-05-29,142.59017862382092
2020-06-01,143.3178744286677
2020-06-02,144.94995947165847
2020-06-03,146.05184979717816
2020-06-04,144.32622021036127
2020-06-05,149.17056244903276
2020-06-08,151.10408877758022
2020-06-09,152.9233282896971
2020-06-10,155.9588593613436
2020-06-11,143.27629181124792
2020-06-12,145.20985083053236
2020-06-15,148.19333824893013
2020-06-16,152.4555074983557
2020-06-17,153.25597288368718
2020-06-18,153.94206972574565
2020-06-19,153.9005034536943
2020-06-22,156.94548214832372
2020-06-23,159.13229630687806
2020-06-24,153.79013952569957
2020-06-25,156.20609940501188
2020-06-26,150.15581222506032
2020-06-29,152.8841320960757
2020-06-30,157.84102854211858
2020-07-01,160.85058682324615
2020-07-02,162.62087195675758
2020-07-06,169.07739057960796
2020-07-07,167.2236786853612
2020-07-08,170.74349033441106
2020-07-09,173.0240124904763
2020-07-10,174.88810369370955
2020-07-13,169.2335378847225
2020-07-14,171.13922805074404
2020-07-15,171.69111307219165
2020-07-16,169.83751559552425
2020-07-17,170.14992462333277
2020-07-20,177.81434963168118
2020-07-21,174.91938872898533
2020-07-22,175.88785181158127
2020-07-23,168.68158748180107
2020-07-24,166.1302389153471
2020-07-27,170.87884633081575
2020-07-28,167.43196771593537
2020-07-29,170.5144263404955
2020-07-30,171.9305890658307
2020-07-31,176.7833818600077
2020-08-03,180.5219272300922
2020-08-04,181.56329065612064
2020-08-05,182.26087829222243
2020-08-06,185.99945635304385
2020-08-07,182.6983457342916
2020-08-10,181.49035762195118
2020-08-11,176.15856380439067
2020-08-12,183.10439737813712
2020-08-13,183.75013750541203
2020-08-14,183.4169208235251
2020-08-17,186.70753771571157
2020-08-18,189.46712627663427
2020-08-19,187.51970638487657
2020-08-20,191.50820512979746
2020-08-21,193.52845998351373
2020-08-24,195.36129884220816
2020-08-25,197.68348534253568
2020-08-26,204.03572051446685
2020-08-27,203.08821219426568
2020-08-28,204.6293842977561
2020-08-31,207.07661286697575
2020-09-01,212.32504530527487
2020-09-02,215.28254358778526
2020-09-03,199.29759048019565
2020-09-04,195.30915711674868
2020-09-08,181.11546025043367
2020-09-09,189.37336924301795
2020-09-10,183.6043041278101
2020-09-11,181.63615830881642
2020-09-14,186.54097841087363
2020-09-15,190.6022467362792
2020-09-16,185.96813862703135
2020-09-17,181.5007859670433
2020-09-18,177.9080412838239
2020-09-21,178.57457271980866
2020-09-22,183.75013750541217
2020-09-23,175.08588265234968
2020-09-24,176.3668037988596
2020-09-25,182.79203738643423
2020-09-28,188.66535326182435
2020-09-29,187.36367349734152
2020-09-30,189.33181931633519
2020-10-01,193.92414866374145
2020-10-02,185.65574594459133
2020-10-05,191.7476974688051
2020-10-06,186.54097841087366
2020-10-07,191.4979075476535
2020-10-08,193.049344542551
2020-10-09,197.52732169205274
2020-10-12,206.7121111498131
2020-10-13,206.7016501139842
2020-10-14,204.13993858391223
2020-10-15,202.09889242148603
2020-10-16,200.44307390345847
2020-10-19,195.5382211106643
2020-10-20,196.1735328928472
2020-10-21,195.94437082672073
2020-10-22,195.93400786310275
2020-10-23,196.51717791982608
2020-10-26,192.070583877811
2020-10-27,194.35115506998173
2020-10-28,182.8753987656957
2020-10-29,187.8219322481206
2020-10-30,180.52192723009247
2020-11-02,181.14671259497257
2020-11-03,186.00985200739908
2020-11-04,198.77695780328693
2020-11-05,206.566343153685
2020-11-06,206.7954071476006
2020-11-09,200.52636990124597
2020-11-10,195.14266319338464
2020-11-11,201.74481904941524
2020-11-12,200.32852556113218
2020-11-13,202.9631701253736
2020-11-16,205.32713538754268
2020-11-17,204.35867230494677
2020-11-18,202.109222694367
2020-11-19,204.4731552657991
2020-11-20,202.3904611044791
2020-11-23,202.40079137736018
2020-11-24,206.64957376999848
2020-11-25,208.53448897267862
2020-11-27,211.3774062221258
2020-11-30,212.0125872413609
2020-12-01,216.0114816406368
2020-12-02,216.41753328448235
2020-12-03,216.86529830869551
2020-12-04,218.15664780029732
2020-12-07,219.95816893297905
2020-12-08,221.04118035790123
2020-12-09,213.77255844735976
2020-12-10,215.03255752221187
2020-12-11,214.33487181389924
2020-12-14,216.6154430060699
2020-12-15,219.99984962260976
2020-12-16,221.75982082860864
2020-12-17,223.86333898937548
2020-12-18,222.8844475616876
2020-12-21,222.28042081478043
2020-12-22,223.15666332839737
2020-12-23,221.52928575152959
2020-12-24,222.94812911729593
2020-12-28,226.2030804154533
2020-12-29,226.49510676876397
2020-12-30,226.50556780459289
2020-12-31,227.3088119025664
2021-01-04,222.6872570363132
2021-01-05,225.34756382907239
2021-01-06,220.84075344956727
2021-01-07,228.60251512722974
2021-01-08,232.82762942630515
2021-01-11,228.01829896692348
2021-01-12,227.4966201864318
2021-01-13,229.7083446865537
2021-01-14,227.94520247906917
2021-01-15,225.34756382907239
2021-01-19,230.09425883642857
2021-01-20,237.77262644409265
2021-01-21,240.47467930795645
2021-01-22,239.49405527120945
2021-01-25,242.3003262045185
2021-01-26,242.80108291335245
2021-01-27,233.2449266836667
2021-01-28,235.21666848372655
2021-01-29,228.16426310747335
2021-02-01,236.36421142341823
2021-02-02,241.85167853040727
2021-02-03,240.4955359981403
2021-02-04,244.52251174046933
2021-02-05,245.69091137034476
2021-02-08,248.00682124917492
2021-02-09,247.93388821500542
2021-02-10,247.14094169917598
2021-02-11,249.0501134286843
2021-02-12,251.00103122929733
2021-02-16,250.05172491856302
2021-02-17,248.37200947181387
2021-02-18,246.84884996439135
2021-02-19,245.33615149279774
2021-02-22,236.38513349507596
2021-02-23,235.3835546959342
2021-02-24,238.14814493961256
2021-02-25,226.35947290109502
2021-02-26,227.7261418506648
2021-03-01,237.58488354170098
2021-03-02,232.17034946888137
2021-03-03,222.5307664784603
2021-03-04,217.2519643455205
2021-03-05,222.02997707888943
2021-03-08,212.912040178223
2021-03-09,225.253577960297
2021-03-10,224.32516103048354
2021-03-11,231.79486366409833
2021-03-12,229.10310838237854
2021-03-15,232.61896445225565
2021-03-16,234.44467673029163
2021-03-17,235.8217086434794
2021-03-18,225.53530673146363
2021-03-19,226.68291505262923
2021-03-22,232.80919185065656
2021-03-23,231.35736353129226
2021-03-24,225.76891473781745
2021-03-25,225.20480338074486
2021-03-26,230.08298053217538
2021-03-29,229.9889619726633
2021-03-30,228.32810908114308
2021-03-31,233.35244651754525
2021-04-01,239.03488117979515
2021-04-05,245.80372710361164
2021-04-06,245.56335211470605
2021-04-07,246.39909080522298
2021-04-08,250.0132806118916
2021-04-09,252.13369988366944
2021-04-12,251.67419888488573
2021-04-13,255.7793054885617
2021-04-14,251.50701845604542
2021-04-15,256.8343663333787
2021-04-16,257.25215395179475
2021-04-19,253.98265527568788
2021-04-20,251.40260424217843
2021-04-21,254.4109039299328
2021-04-22,250.1386495881534
2021-04-23,254.54676663276038
2021-04-26,256.8551903328255
2021-04-27,255.30924538173815
2021-04-28,254.1080569426865
2021-04-29,255.38234186959247
2021-04-30,253.05302878860653
2021-05-03,251.17278836131246
2021-05-04,244.85317854487255
2021-05-05,243.69367079545162
2021-05-06,246.28421555552697
2021-05-07,249.0941478513762
2021-05-10,240.2779137621622
2021-05-11,239.8078209646017
2021-05-12,231.0125743285194
2021-05-13,233.57173598110808
2021-05-14,240.9360109880099
2021-05-17,238.86783151390253
2021-05-18,236.58013374107338
2021-05-19,236.96663632421368
2021-05-20,243.48467891403266
2021-05-21,241.58364717802866
2021-05-24,247.32881536451487
2021-05-25,247.80923843495634
2021-05-26,249.02092060057385
2021-05-27,247.71521987544423
2021-05-28,248.81209217283975
2021-06-01,247.65258442341883
2021-06-02,248.33157103018735
2021-06-03,244.70692018768983
2021-06-04,250.5564698973062
2021-06-07,251.6010370155572
2021-06-08,251.7680866814497
2021-06-09,251.85174227734376
2021-06-10,255.51813919094593
2021-06-11,256.4477983687641
2021-06-14,259.86358809279056
2021-06-15,257.51328755867297
2021-06-16,256.2074887613325
2021-06-17,260.73048105563544
2021-06-18,257.8997574510763
2021-06-21,260.1241005756668
2021-06-22,263.48101428241876
2021-06-23,263.6588518915097
2021-06-24,265.90725539850666
2021-06-25,265.4575616208125
2021-06-28,269.90212883713576
2021-06-29,271.24068375291546
2021-06-30,270.6551272723937
2021-07-01,270.8015163925241
2021-07-02,275.0578830361384
2021-07-06,276.67875515635006
2021-07-07,277.47363042566036
2021-07-08,275.19377842970295
2021-07-09,277.53633125915974
2021-07-12,279.01087964071496
2021-07-13,279.01087964071496
2021-07-14,279.6907162066446
2021-07-15,277.0238385757554
2021-07-16,273.97019683583017
2021-07-19,270.90612675081303
2021-07-20,275.21470050136077
2021-07-21,278.1115247760636
2021-07-22,280.61089507074286
2021-07-23,285.0554949778031
2021-07-26,285.3587342538929
2021-07-27,281.11286133684456
2021-07-28,282.57694868257084
2021-07-29,283.25675255776355
2021-07-30,281.25925045697505
2021-08-02,281.29066625519863
2021-08-03,283.6018032864319
2021-08-04,284.15614011315193
2021-08-05,286.5928422650687
2021-08-06,284.89857944037
2021-08-09,285.60966835083843
2021-08-10,283.6332190846556
2021-08-11,282.9744026625946
2021-08-12,284.3547690309528
2021-08-13,285.7038176732984
2021-08-16,285.87116155582356
2021-08-17,282.472436396493
2021-08-18,278.7911978883086
2021-08-19,280.6214214880458
2021-08-20,284.5639570567935
2021-08-23,290.31572877214677
2021-08-24,291.50792725853296
2021-08-25,291.95755565475326
2021-08-26,289.46864639590297
2021-08-27,293.2543644994283
2021-08-30,297.6675159175279
2021-08-31,297.3433872605173
2021-09-01,298.0022036825782
2021-09-02,297.81393772839533
2021-09-03,299.0374866315312
2021-09-07,299.6022191126061
2021-09-08,298.2113263269451
2021-09-09,296.84138830367874
2021-09-10,293.8295253255951
2021-09-13,293.557636466255
2021-09-14,292.438697921408
2021-09-15,295.3563461955577
2021-09-16,295.6283004363717
2021-09-17,290.9431620867211
2021-09-20,282.8650848381827
2021-09-21,283.3360929763782
2021-09-22,286.91664401470956
2021-09-23,290.48673401721203
2021-09-24,290.8531317971187
2021-09-27,287.73329131483877
2021-09-28,276.7613319579244
2021-09-29,276.14370586443965
2021-09-30,274.76170495923316
2021-10-01,277.0859509759895
2021-10-04,269.1711639585926
2021-10-05,274.15450721084034
2021-10-06,276.55198047839883
2021-10-07,280.00696639604655
2021-10-08,278.1119497556441
2021-10-11,275.21188909798167
2021-10-12,273.90327889726217
2021-10-13,276.89752156812153
2021-10-14,283.8386803664819
2021-10-15,286.25710839643517
2021-10-18,290.141225618226
2021-10-19,293.0935914550328
2021-10-20,292.58057571983693
2021-10-21,294.97804898739537
2021-10-22,291.65938344289276
2021-10-25,295.66906578536714
2021-10-26,296.9149751525872
2021-10-27,297.83620012026836
2021-10-28,302.25425514891276
2021-10-29,304.2330254574201
2021-11-01,305.61502636262674
2021-11-02,307.3110217963846
2021-11-03,311.6348621210951
2021-11-04,316.91140859318443
2021-11-05,317.3093202435256
2021-11-08,316.7439339477114
2021-11-09,313.87532177900954
2021-11-10,307.79265442409394
2021-11-11,308.92332894351154
2021-11-12,313.22624719656426
2021-11-15,313.13193442041944
2021-11-16,316.07383922139735
2021-11-17,316.2937498089627
2021-11-18,320.6070964071074
2021-11-19,322.9522644955215
2021-11-22,318.042050421865
2021-11-23,316.1367361993185
2021-11-24,317.47676219826155
2021-11-26,309.5619424901277
2021-11-29,318.4504884895088
2021-11-30,312.30492415667203
2021-12-01,305.2904073445616
2021-12-02,308.2114554553557
2021-12-03,301.1131522844032
2021-12-06,304.327240161354
2021-12-07,316.503166669962
2021-12-08,318.3667021306668
2021-12-09,312.2107094527381
2021-12-10,316.69156338709274
2021-12-13,310.67166224715044
2021-12-14,306.4211145547159
2021-12-15,315.6864539883587
2021-12-16,304.99720412472
2021-12-17,302.97672043584487
2021-12-20,299.0676601817496
2021-12-21,307.9989983558183
2021-12-22,312.9678596115904
2021-12-23,316.0812273279512
2021-12-27,322.9578219208052
2021-12-28,320.9975545694201
2021-12-29,320.9346902822359
2021-12-30,319.6768161052865
2021-12-31,317.0561304857292
2022-01-03,321.0710106553811
2022-01-04,315.6094673028054
2022-01-05,302.8414461662826
2022-01-06,302.5584751471113
2022-01-07,298.1975635266822
2022-01-10,298.45967785566967
2022-01-11,304.4452864125355
2022-01-12,306.0492247309992
2022-01-13,295.89142817820476
2022-01-14,298.3548386622221
2022-01-18,288.43813629454644
2022-01-19,284.17170090394694
2022-01-20,279.181917576517
2022-01-21,268.6676939185902
2022-01-24,270.3554185958959
2022-01-25,261.7700464911306
2022-01-26,261.204039071314
2022-01-27,257.5665080784522
2022-01-28,268.7829941478667
2022-01-31,280.5760794358746
2022-02-01,283.1654146386822
2022-02-02,286.278749664306
2022-02-03,270.6174348526725
2022-02-04,275.29283136270755
2022-02-07,272.27371104101763
2022-02-08,276.4563927635121
2022-02-09,284.4337498514605
2022-02-10,275.73307751741874
2022-02-11,263.81416558283166
2022-02-14,264.2650035363196
2022-02-15,273.3221356662306
2022-02-16,273.22772481787496
2022-02-17,262.126506287
2022-02-18,257.99629319733464
2022-02-22,254.40063903852536
2022-02-23,245.32261752769352
2022-02-24,256.92704457267484
2022-02-25,262.4619786297374
2022-02-28,263.54159021801524
2022-03-01,257.97527305346597
2022-03-02,263.98193444493734
2022-03-03,258.78250542134924
2022-03-04,253.5829783255502
2022-03-07,240.5425125871588
2022-03-08,238.9595944125638
2022-03-09,251.1615100570592
2022-03-10,247.26196280742082
2022-03-11,240.06025883544723
2022-03-14,233.52956493042268
2022-03-15,243.99131995552014
2022-03-16,256.74881467474023
2022-03-17,261.06775138890595
2022-03-18,268.4580482224321
2022-03-21,267.43361859815167
2022-03-22,274.6546754864087
2022-03-23,269.2704130360189
2022-03-24,277.4780109844137
2022-03-25,277.1632645689121
2022-03-28,282.9988226431073
2022-03-29,289.5901251744655
2022-03-30,285.2868473233061
2022-03-31,280.5113190859465
2022-04-01,279.787153880692
2022-04-04,287.60638587393936
2022-04-05,278.99996093456843
2022-04-06,270.77134284230505
2022-04-07,271.6528812553104
2022-04-08,266.4575058831059
2022-04-11,257.7881839658138
2022-04-12,256.27679312369884
2022-04-13,263.5188047743506
2022-04-14,255.20617148808648
2022-04-18,255.47907376027248
2022-04-19,263.42436123525795
2022-04-20,258.12398321592104
2022-04-21,250.71400655874183
2022-04-22,241.53026320456433
2022-04-25,245.91752355898748
2022-04-26,232.86084321506135
2022-04-27,232.46198353334816
2022-04-28,244.26964889004253
2022-04-29,228.77793362178483
2022-05-02,234.26726410078095
2022-05-03,234.62408349475677
2022-05-04,245.9385110121192
2022-05-05,228.51562314837554
2022-05-06,224.57969110849484
2022-05-09,211.8798628492815
2022-05-10,215.66885002650338
2022-05-11,206.30668062996952
2022-05-12,205.58245004324104
2022-05-13,216.90733859643237
2022-05-16,213.23388048364572
2022-05-17,221.34710027442173
2022-05-18,205.57202169814914
2022-05-19,203.93460806503305
2022-05-20,202.99007460189569
2022-05-23,208.02801138487547
2022-05-24,201.47868375978072
2022-05-25,205.69791372620242
2022-05-26,214.16795291095428
2022-05-27,224.42231790074416
2022-05-31,223.56157079644876
2022-06-01,221.16864154132844
2022-06-02,229.96401894035859
2022-06-03,221.37851607264545
2022-06-06,222.4490723267839
2022-06-07,225.2304982999994
2022-06-08,222.8899722962344
2022-06-09,214.24140899691525
2022-06-10,203.15797422694936
2022-06-13,189.06228419005626
2022-06-14,189.5870358998226
2022-06-15,196.81852113317154
2022-06-16,184.84308691437147
2022-06-17,188.30657242363026
2022-06-21,195.5803921613492
2022-06-22,195.14929941298828
2022-06-23,199.54486321460064
2022-06-24,209.80834892000382
2022-06-27,207.5369638249204
2022-06-28,198.16734094035843
2022-06-29,198.440668192125
2022-06-30,194.7391614270222
2022-07-01,196.684587183825
2022-07-05,201.763714295381
2022-07-06,203.698613634881
2022-07-07,210.1974667621014
2022-07-08,210.58651922272503
2022-07-11,203.95098612425286
2022-07-12,201.00666220873947
2022-07-13,200.3861593304018
2022-07-14,201.45880779170602
2022-07-15,206.92705274535953
2022-07-18,204.3295775490476
2022-07-19,213.6887067070437
2022-07-20,218.66273309925637
2022-07-21,223.2371479228057
2022-07-22,217.56906449408348
2022-07-25,215.76031870853245
2022-07-26,209.55600912136907
2022-07-27,222.63773056981063
2022-07-28,225.79251744990637
2022-07-29,231.73399351186904
2022-08-01,231.5341877275374
2022-08-02,230.54568522318175
2022-08-03,239.54724310025185
2022-08-04,241.1351956483395
2022-08-05,238.3484737757356
2022-08-08,237.2548378612997
2022-08-09,233.4375405058659
2022-08-10,242.74416834029586
2022-08-11,240.79864451128213
2022-08-12,247.43424299122822
2022-08-15,250.24195231696376
2022-08-16,249.4216763450314
2022-08-17,245.4362178386483
2022-08-18,246.26692215567263
2022-08-19,239.51576192055435
2022-08-22,230.57719909361634
2022-08-23,230.30383915111278
2022-08-24,231.26079509429695
2022-08-25,237.11812519931104
2022-08-26,223.30024104514874
2022-08-29,220.11400567609235
2022-08-30,216.5490808100304
2022-08-31,214.70882115404487
2022-09-01,214.84543574382272
2022-09-02,210.39727254643324
2022-09-06,208.1678623576132
2022-09-07,214.39332285159307
2022-09-08,216.02321761520722
2022-09-09,222.93217603765686
2022-09-12,226.77052622769628
2022-09-13,208.8514583582938
2022-09-14,211.30162909384032
2022-09-15,206.1173031907301
2022-09-16,204.24543159209912
2022-09-19,206.61469275365656
2022-09-20,204.1707005673965
2022-09-21,198.7241949538249
2022-09-22,195.04756583955262
2022-09-23,190.24366204250717
2022-09-26,189.04273512935123
2022-09-27,189.15862379189306
2022-09-28,194.9105916516681
2022-09-29,186.4090712872187
2022-09-30,181.55253540365922
2022-10-03,188.15779687970155
2022-10-04,197.21774041299156
2022-10-05,197.05971339050149
2022-10-06,194.72101806800657
2022-10-07,183.49096534275148
2022-10-10,180.65707073670674
2022-10-11,176.80136176533878
2022-10-12,176.7064932466656
2022-10-13,183.19589875090304
2022-10-14,174.6838519691508
2022-10-17,183.75432191974363
2022-10-18,185.99818141430237
2022-10-19,184.95521614216258
2022-10-20,183.50136099710645
2022-10-21,190.14892428678186
2022-10-24,193.34094591628107
2022-10-25,199.4089351302993
2022-10-26,192.79311454621723
2022-10-27,187.46253028592443
2022-10-28,196.25908455148533
2022-10-31,192.81420007155984
2022-11-01,189.82227844302503
2022-11-02,179.88805384033597
2022-11-03,174.42049539215873
2022-11-04,178.83459484163038
2022-11-07,181.90016870054794
2022-11-08,183.95445461144507
2022-11-09,177.4018252219168
2022-11-10,197.8708686468207
2022-11-11,203.35947992960354
2022-11-14,200.70469787139152
2022-11-15,204.8659998519108
2022-11-16,200.70469787139155
2022-11-17,200.04107591099668
2022-11-18,200.05156963756252
2022-11-21,196.9649429440393
2022-11-22,201.24206820562645
2022-11-23,204.26550370459577
2022-11-25,202.2639152616866
2022-11-28,197.82873028687237
2022-11-29,195.5742789935369
2022-11-30,209.0482892855616
2022-12-01,209.42756721583257
2022-12-02,208.19496297855727
2022-12-05,203.02240574075455
2022-12-06,196.74362665478432
2022-12-07,195.53217332432558
2022-12-08,199.02972258150214
2022-12-09,197.12290458505527
2022-12-12,200.8521984765786
2022-12-13,204.08642384749993
2022-12-14,201.83197255416445
2022-12-15,191.6975171875632
2022-12-16,188.9162873587695
2022-12-19,184.85603244620984
2022-12-20,184.63425848663752
2022-12-21,188.7632620190351
2022-12-22,181.69856492568294
2022-12-23,182.33214409880668
2022-12-27,178.34053973387412
2022-12-28,174.66561053792407
2022-12-29,181.360640777673
2022-12-30,181.19166235829957
2023-01-03,179.29089214819126
2023-01-04,180.62147052415142
2023-01-05,176.2285219814963
2023-01-06,183.85281911021983
2023-01-09,185.69023467208942
2023-01-10,188.1084665576208
2023-01-11,193.09279053197747
2023-01-12,194.6767548101554
2023-01-13,196.7043323889519
2023-01-17,197.30629961943026
2023-01-18,193.4412737880272
2023-01-19,190.5583757672715
2023-01-20,198.51016869891308
2023-01-23,205.1417789089494
2023-01-24,204.5187588438654
2023-01-25,203.84291054784555
2023-01-26,209.76702782847966
2023-01-27,212.85061428346506
2023-01-30,206.52512013437146
2023-01-31,211.11875711125637
2023-02-01,217.77151822810924
2023-02-02,229.17633563318068
2023-02-03,223.32609941808806
2023-02-06,220.59099621915234
2023-02-07,227.23326360943932
2023-02-08,221.41477009994
2023-02-09,218.57410851134347
2023-02-10,216.4832416657822
2023-02-13,221.5519731229832
2023-02-14,223.92803395782948
2023-02-15,226.4096204915996
2023-02-16,220.28478208599878
2023-02-17,218.02493682106405
2023-02-21,210.4957043554355
2023-02-22,210.72800473231067
2023-02-23,213.44192433369292
2023-02-24,208.19365534907868
2023-02-27,210.40060700160356
2023-02-28,209.99942627756582
2023-03-01,207.50724794501897
2023-03-02,210.0521564362908
2023-03-03,216.46209075896564
2023-03-06,216.82116581379213
2023-03-07,212.93498907557256
2023-03-08,214.4979332098818
2023-03-09,209.04897579103778
2023-03-10,204.7087900978446
2023-03-13,206.96863536277928
2023-03-14,214.02274065735466
2023-03-15,215.6700595837713
2023-03-16,223.99138860606817
2023-03-17,222.46015448661524
2023-03-20,223.60455911555826
2023-03-21,228.22640819844412
2023-03-22,223.7631745713137
2023-03-23,227.60240741125116
2023-03-24,228.80813986274094
2023-03-27,226.55532310625372
2023-03-28,224.8208179843508
2023-03-29,230.74356225403235
2023-03-30,233.87415798877385
2023-03-31,239.42674504379772
2023-04-03,238.60179429647928
2023-04-04,237.45954725617602
2023-04-05,234.1280015613091
2023-04-06,236.38072024558534
2023-04-10,236.19042746571054
2023-04-11,234.03277344452925
2023-04-12,231.08197676309672
2023-04-13,237.56530179025864
2023-04-14,236.9307418950259
2023-04-17,237.21629548241748
2023-04-18,237.23744638923398
2023-04-19,237.07879824274153
2023-04-20,234.5087505747434
2023-04-21,234.8577241918476
2023-04-24,234.15977695763925
2023-04-25,227.85621829304935
2023-04-26,229.84456698748755
2023-04-27,238.8133687461184
2023-04-28,241.15069105766085
2023-05-01,240.75941562692358
2023-05-02,237.7874353479376
2023-05-03,235.57695309582041
2023-05-04,234.39240424188412
2023-05-05,241.4997954377129
2023-05-08,242.3458317103739
2023-05-09,240.1776839626267
2023-05-10,243.87945225362526
2023-05-11,245.000515696375
2023-05-12,243.76300784855496
2023-05-15,245.62451648356793
2023-05-16,246.01582460504216
2023-05-17,250.20406375282076
2023-05-18,256.70847430532524
2023-05-19,255.9047071555603
2023-05-22,257.09984780827335
2023-05-23,252.5730960792194
2023-05-24,250.7645791288271
2023-05-25,259.29970557087677
2023-05-26,268.4799837069359
2023-05-30,270.1510034176523
2023-05-31,268.04637377182866
2023-06-01,272.29800025858293
2023-06-02,275.09021417499696
2023-06-05,275.35461685557203
2023-06-06,275.2911968258594
2023-06-07,268.9241854408199
2023-06-08,273.5037000193357
2023-06-09,274.93156602850456
2023-06-12,281.26673663573985
2023-06-13,284.19644779182977
2023-06-14,286.9885963267699
2023-06-15,291.599820920142
2023-06-16,289.13562585843744
2023-06-20,288.57851031907546
2023-06-21,283.28306860102026
2023-06-22,287.8054397713209
2023-06-23,283.960911031995
2023-06-26,278.81375449681434
2023-06-27,285.3271223112473
2023-06-28,286.0791073336593
2023-06-29,285.3059387136938
2023-06-30,291.2474474663935
2023-07-03,292.1688031970225
2023-07-05,292.1582113982457
2023-07-06,289.1716183598362
2023-07-07,287.8794842905472
2023-07-10,288.00661856660514
2023-07-11,289.9235380007743
2023-07-12,294.8482994523803
2023-07-13,301.5523196447947
2023-07-14,301.4675525638437
2023-07-17,305.2167224234419
2023-07-18,308.53166122393054
2023-07-19,308.43636772567675
2023-07-20,299.02107588157435
2023-07-21,297.82436607348694
2023-07-24,298.4598086186178
2023-07-25,301.16042309005513
2023-07-26,299.8259872071331
2023-07-27,298.8728233894369
2023-07-28,306.13814353554494
2023-07-31,306.3499795110799
2023-08-01,305.4074074921605
2023-08-02,296.51108109738163
2023-08-03,295.87560586151386
2023-08-04,294.02223722000525
2023-08-07,297.3583269273104
2023-08-08,293.97983733416135
2023-08-09,289.6481839233161
2023-08-10,290.36836085866076
2023-08-11,287.87948429054745
2023-08-14,292.23238668042006
2023-08-15,288.0701693592658
2023-08-16,283.96091103199524
2023-08-17,279.7669510052477
2023-08-18,279.2903200602941
2023-08-21,285.4012649026847
2023-08-22,284.85052405703095
2023-08-23,290.9190690135776
2023-08-24,282.56289166567575
2023-08-25,285.5283664880057
2023-08-28,288.4302905176752
2023-08-29,296.91347137868706
2023-08-30,299.1269611786051
2023-08-31,300.32383444037725
2023-09-01,299.9001297985705
2023-09-05,300.40850344911723
2023-09-06,296.8817940545677
2023-09-07,294.04345350829567
2023-09-08,294.5941289724755
2023-09-11,299.2435363466231
2023-09-12,294.8165240560502
2023-09-13,296.3204287194001
2023-09-14,299.56122492845145
2023-09-15,292.7195440426763
2023-09-18,293.12896283242924
2023-09-19,292.29106655327263
2023-09-20,286.63798817281753
2023-09-21,279.55299013180996
2023-09-22,279.6060798886415
2023-09-25,281.4090721044867
2023-09-26,275.68175306038347
2023-09-27,276.5620819161211
2023-09-28,279.71209594861995
2023-09-29,279.98787500565896
2023-10-02,283.1591053264482
2023-10-03,276.4347841863784
2023-10-04,281.55761881325697
2023-10-05,280.4333516782846
2023-10-06,286.80765309766736
2023-10-09,288.7803756198362
2023-10-10,290.93342024710546
2023-10-11,293.7229208323514
2023-10-12,292.3547154181442
2023-10-13,287.42276200440585
2023-10-16,291.80318999480323
2023-10-17,290.5198497337579
2023-10-18,285.3970477976163
2023-10-19,281.7909652937151
2023-10-20,276.09545433667904
2023-10-23,277.2302805796912
2023-10-24,280.8999792577269
2023-10-25,271.5771368177622
2023-10-26,264.4922368489655
2023-10-27,266.24223738019
2023-10-30,270.3681026018388
2023-10-31,272.1393194213537
2023-11-01,278.5984206124243
2023-11-02,285.47128846126435
2023-11-03,290.0000997067471
2023-11-06,291.5910598026355
2023-11-07,295.2925992584753
2023-11-08,295.5471293364868
2023-11-09,292.5031640547033
2023-11-10,301.3275381374217
2023-11-13,300.0759732727066
2023-11-14,308.6882171632574
2023-11-15,308.9958043073635
2023-11-16,309.3458240280507
2023-11-17,309.44128097998924
2023-11-20,314.4261606968743
2023-11-21,312.0185859915935
2023-11-22,313.7049049672097
2023-11-24,313.1216041475385
2023-11-27,312.7609599373377
2023-11-28,313.84285987720307
2023-11-29,313.4397830904214
2023-11-30,312.4003811086109
2023-12-01,313.5776726189409
2023-12-04,309.73821094384465
2023-12-05,310.7669884361415
2023-12-06,308.391189127191
2023-12-07,314.0973245737407
2023-12-08,315.94288012911466
2023-12-11,319.49587287618425
2023-12-12,322.8368988847711
2023-12-13,328.2141982081872
2023-12-14,327.8429621992097
2023-12-15,329.91120705479096
2023-12-18,332.61904617909767
2023-12-19,334.82956112195177
2023-12-20,328.3681388885566
2023-12-21,333.35236479070244
2023-12-22,334.00062210472356
2023-12-26,336.65746367936447
2023-12-27,337.54639019892386
2023-12-28,337.3337369549648
2023-12-29,335.44104135688696
2024-01-02,328.0724184819688
2024-01-03,323.5427572773249
2024-01-04,321.3630043179551
2024-01-05,321.86274761394304
2024-01-08,330.5818248328963
2024-01-09,331.43240511799553
2024-01-10,334.35649346732737
2024-01-11,335.260261581469
2024-01-12,335.4835720056787
2024-01-16,335.44104135688696
2024-01-17,332.98479014426493
2024-01-18,339.1307140752084
2024-01-19,347.83910142317393
2024-01-22,348.42390601674555
2024-01-23,350.2846954555453
2024-01-24,352.7834119354853
2024-01-25,353.33634306051573
2024-01-26,350.63556513539356
2024-01-29,355.25025494688396
2024-01-30,352.2198236302041
2024-01-31,343.36262804757257
2024-02-01,348.58343681313596
2024-02-02,356.1646802412762
2024-02-05,355.56928384892774
2024-02-06,354.6547931730615
2024-02-07,359.3333606845821
2024-02-08,360.1839736604182
2024-02-09,364.71356948358806
2024-02-12,362.89537607505406
2024-02-13,355.67556143480175
2024-02-14,360.64118630761436
2024-02-15,362.0127915584659
2024-02-16,357.82347361636744
2024-02-20,354.3677685025064
2024-02-21,352.5494770217615
2024-02-22,365.79815006388463
2024-02-23,364.4265121222961
2024-02-26,364.181920028322
2024-02-27,365.29840676789667
2024-02-28,362.8209065762472
2024-02-29,366.7870121663469
2024-03-01,373.81538985093067
2024-03-04,372.1247230072981
2024-03-05,363.65027057305593
2024-03-06,366.56373443287407
2024-03-07,373.6453326372373
2024-03-08,366.8082611453743
2024-03-11,365.07512903442387
2024-03-12,371.7420125496457
2024-03-13,368.1161521498805
2024-03-14,366.9358857824866
2024-03-15,361.3854890068394
2024-03-18,365.78592372825955
2024-03-19,366.9464121997895
2024-03-20,372.4829154122265
2024-03-21,374.71876567622866
2024-03-22,375.2617588172217
2024-03-25,373.5369301534604
2024-03-26,372.0037345897896
2024-03-27,373.6114650337412
2024-03-28,372.73842621234684
2024-04-01,373.7392204338014
2024-04-02,369.65075341524073
2024-04-03,370.70486622868566
2024-04-04,363.50744474325455
2024-04-05,368.9693803846738
2024-04-08,369.1078256557216
2024-04-09,370.84324611825963
2024-04-10,366.7334974299346
2024-04-11,374.1863970247492
2024-04-12,366.62702369963876
2024-04-15,358.9505194639818
2024-04-16,358.99311549424755
2024-04-17,353.3927345817805
2024-04-18,350.8055569676126
2024-04-19,341.4787262577382
2024-04-22,345.9185533172015
2024-04-23,352.57294897090253
2024-04-24,354.1061445345734
2024-04-25,351.91285761009993
2024-04-26,358.88664176395173
2024-04-29,360.74988300802386
2024-04-30,352.0618946799247
2024-05-01,348.7932132722419
2024-05-02,354.5213495847693
2024-05-03,363.65651450381637
2024-05-06,368.7351512543179
2024-05-07,368.80965344386175
2024-05-08,368.5328609739768
2024-05-09,369.55493686519577
2024-05-10,370.6622701984202
2024-05-13,371.7482237896692
2024-05-14,374.7826760669958
2024-05-15,382.2036041210585
2024-05-16,381.22409156936834
2024-05-17,380.9898624390122
2024-05-20,384.34370321648953
2024-05-21,385.2912115366908
2024-05-22,385.1954276773826
2024-05-23,383.0127979331599
2024-05-24,387.58041308342035
2024-05-28,389.4223072762541
2024-05-29,385.97264994873166
2024-05-30,380.7662577981699
2024-05-31,379.87190461627415
2024-06-03,382.4485231224023
2024-06-04,383.76873853474444
2024-06-05,393.52139878432837
2024-06-06,393.3510473540024
2024-06-07,392.9145279433053
2024-06-10,394.90549189670077
2024-06-11,398.3018960137067
2024-06-12,404.8285035766106
2024-06-13,407.5648163328141
2024-06-14,410.1946226679846
2024-06-17,416.4444377610036
2024-06-18,416.60413201107895
2024-06-20,412.6222041042881
2024-06-21,411.24870279069256
2024-06-24,405.42831321844926
2024-06-25,411.20816627685565
2024-06-26,412.2639136271489
2024-06-27,413.5862212466568
2024-06-28,410.9202262656657
2024-07-01,413.9168226695865
2024-07-02,419.3127884038098
2024-07-03,423.64234960748934
2024-07-05,429.10229111395364
2024-07-08,430.36059027048356
2024-07-09,430.8191432378953
2024-07-10,436.3537503875882
2024-07-11,424.5914270830648
2024-07-12,427.67331361972794
2024-07-15,429.09160124296585
2024-07-16,429.29421843067655
2024-07-17,413.7568668936153
2024-07-18,411.3254606410869
2024-07-19,406.79324955895976
2024-07-22,414.3433714055091
2024-07-23,412.5305065871005
2024-07-24,394.1458572418388
2024-07-25,388.6965729156252
2024-07-26,393.70865132566547
2024-07-29,394.70035752224373
2024-07-30,387.90748390675776
2024-07-31,402.34642668178606
2024-08-01,390.1788690018412
2024-08-02,378.54452993253665
2024-08-05,364.27616742299296
2024-08-06,368.71236581065307
2024-08-07,363.6362789376349
2024-08-08,377.8193840051731
2024-08-09,380.31470064846866
2024-08-12,381.34913363826047
2024-08-13,393.2927270792563
2024-08-14,393.4527155459643
2024-08-15,405.9188377266128
2024-08-16,406.56935070148455
2024-08-19,413.22364828297475
2024-08-20,412.14658657218024
2024-08-21,414.53529872223197
2024-08-22,406.3773906940245
2024-08-23,411.86933643197784
2024-08-26,406.89995212441426
2024-08-27,408.41425244211916
2024-08-28,402.6450238732265
2024-08-29,401.9092207656123
2024-08-30,407.8916583209924
2024-09-03,392.4716338388996
2024-09-04,391.1919222496574
2024-09-05,391.6504752170692
2024-09-06,378.4805214695584
2024-09-09,384.6335719811603
2024-09-10,389.1124971620341
2024-09-11,399.7337176020481
2024-09-12,404.6391915188446
2024-09-13,406.89995212441437
2024-09-16,404.6605058793459
2024-09-17,404.92713153003467
2024-09-18,402.7410038769566
2024-09-19,415.45240465705564
2024-09-20,414.4713229499911
2024-09-23,415.83504973323403
2024-09-24,418.3232071051341
2024-09-25,418.8037936292604
2024-09-26,422.70160826983954
2024-09-27,419.7969055275281
2024-09-30,421.2065301054702
2024-10-01,413.94483863116534
2024-10-02,414.6710306621118
2024-10-03,414.28658759540025
2024-10-04,420.40560704982124
2024-10-07,414.83121527324147
2024-10-08,422.52004391673444
2024-10-09,426.6313944511708
2024-10-10,426.03341549060224
2024-10-11,426.85565290675254
2024-10-14,431.27678086467165
2024-10-15,424.1753066922336
2024-10-16,424.2393805366855
2024-10-17,424.6024438614217
2024-10-18,428.0410517198499
2024-10-21,429.0555760508299
2024-10-22,429.63220796016014
2024-10-23,421.5162094567421
2024-10-24,425.7450831905685
2024-10-25,428.9487754131643
2024-10-28,429.0341963088546
2024-10-29,434.1173770717941
2024-10-30,430.08072487132335
2024-10-31,416.7000466333345
2024-11-01,420.52306486773716
2024-11-04,419.0066723428664
2024-11-05,425.6275926819151
2024-11-06,439.90533743296777
2024-11-07,448.4057136216233
2024-11-08,449.0465501383533
2024-11-11,448.72611553461985
2024-11-12,447.7329709456151
2024-11-13,447.0281913473809
2024-11-14,443.22648747347955
2024-11-15,430.2836362756665
2024-11-18,433.9678496409148
2024-11-19,437.6414058259122
2024-11-20,437.3317264746403
2024-11-21,439.26459898844837
2024-11-22,440.1296285792862
2024-11-25,440.9839029176625
2024-11-26,443.888572969237
2024-11-27,439.6063152619463
2024-11-29,444.3477470606511
2024-12-02,450.2745449817163
2024-12-03,451.9618446794414
2024-12-04,458.7857091135705
2024-12-05,457.2372142849999
2024-12-06,462.2242515905247
2024-12-09,457.8459158072931
2024-12-10,455.94508021571085
2024-12-11,465.8978404662592
2024-12-12,462.24569671397387
2024-12-13,466.54930147250286
2024-12-16,474.7079940783975
2024-12-17,472.17701184107295
2024-12-18,451.5346421287793
2024-12-19,449.07852167910517
2024-12-20,453.8733374512742
2024-12-23,459.26959740213016
2024-12-24,466.853194563332
2024-12-26,466.4680976818812
2024-12-27,458.93798256635466
2024-12-30,451.5041743619277
